date,lat,lng,unit,type_of_btg,country
2022-03-27,50.492187,30.166542,104th Guards Air Assault Regiment,vdv,ru
2022-03-27,50.646655,30.258347,137th Guards Airborne Regiment,vdv,ru
2022-03-27,50.568989,30.263795,51st Guards Airborne Regiment,vdv,ru
2022-03-31,50.723595,30.333666,45th Separate Guards Special Purpose Brigade,vdv,ru
2022-03-31,50.468224,30.024069,37th Separate Guards Motorized Rifle Brigade,motor_rifle,ru
2022-03-31,50.518497,29.901608,5th Separate Guards Tank Brigade,tank,ru
2022-03-31,50.555056,29.835300,36th Separate Guards Motorized Rifle Brigade,motor_rifle,ru
2022-03-31,50.666389,29.827981,36th Separate Guards Motorized Rifle Brigade,motor_rifle,ru
2022-03-31,50.534912,30.180912,64th Separate Motorized Rifle Brigade,motor_rifle,ru
2022-03-31,50.923020,29.667952,155th Separate Guards Naval Infantry Brigade,motor_rifle,ru
2022-03-31,51.295433,29.387416,69th Separate Covering Brigade,motor_rifle,ru
2022-03-31,51.011045,29.682901,69th Separate Covering Brigade,motor_rifle,ru
2022-03-31,51.447257,31.081259,74th Separate Guards Motorized Rifle Brigade,motor_rifle,ru
2022-03-31,50.636289,31.649084,6th Guards Tank Regiment,tank,ru
2022-03-31,46.736885,32.211150,255th Guards Motorized Rifle Regiment,motor_rifle,ru
2022-03-31,51.289892,33.404963,15th Separate Motorized Rifle Brigade,motor_rifle,ru
2022-03-31,51.201556,33.461418,15th Separate Motorized Rifle Brigade,motor_rifle,ru
2022-03-31,50.961234,34.928287,27th Separate Guards Motorized Rifle Brigade,motor_rifle,ru
2022-03-31,50.816086,35.281824,1st Guards Motorized Rifle Regiment,motor_rifle,ru
2022-03-31,50.437619,35.605503,423rd Guards Motorized Rifle Regiment,motor_rifle,ru
2022-03-31,50.228508,36.162083,200th Separate Motorized Rifle Brigade,motor_rifle,ru
2022-03-31,50.030701,36.562979,138th Separate Guards Motorized Rifle Brigade,motor_rifle,ru
2022-03-31,49.723008,36.918297,59th Guards Tank Regiment,tank,ru
2022-03-31,49.467421,36.882987,752nd Guards Motorized Rifle Regiment,motor_rifle,ru
2022-03-31,49.128721,37.114634,26th Guards Tank Regiment,tank,ru
2022-03-31,49.256737,37.602860,252nd Guards Motorized Rifle Regiment,motor_rifle,ru
2022-03-31,50.773715,33.440358,15th Guards Motorized Rifle Regiment,motor_rifle,ru
2022-03-31,50.593264,31.671368,21st Separate Guards Motorized Rifle Brigade,motor_rifle,ru
2022-03-31,51.570318,31.125076,35th Separate Guards Motorized Rifle Brigade,motor_rifle,ru
2022-03-31,47.382926,33.715351,126th Separate Guards Coastal Defense Brigade,motor_rifle,ru
2022-03-31,50.556067,30.237335,217th Guards Airborne Regiment,vdv,ru
2022-03-31,46.808397,32.452657,56th Guards Air Assault Regiment,vdv,ru
2022-03-31,50.714964,31.276141,228th Motorized Rifle Regiment,motor_rifle,ru
2022-03-31,50.581777,35.321840,12th Guards Tank Regiment,tank,ru
2022-03-31,50.779787,32.068763,1st Guards Tank Regiment,tank,ru
2022-03-31,51.613202,31.163630,55th Separate Motorized Rifle Brigade,motor_rifle,ru
2022-03-31,51.649796,31.263633,55th Separate Motorized Rifle Brigade,motor_rifle,ru
2022-03-31,47.091771,37.721481,102nd Motorized Rifle Regiment,motor_rifle,ru
2022-03-31,47.130317,37.685164,102nd Motorized Rifle Regiment,motor_rifle,ru
2022-03-31,47.162786,37.484408,68th Tank Regiment,tank,ru
2022-03-31,47.171955,37.677152,68th Tank Regiment,tank,ru
2022-03-31,47.805026,36.825915,163rd Tank Regiment,tank,ru
2022-03-31,47.703321,37.226123,163rd Tank Regiment,tank,ru
2022-03-31,46.796962,32.271940,33rd Guards Motorized Rifle Regiment,motor_rifle,ru
2022-03-31,47.561199,36.259426,71st Guards Motorized Rifle Regiment,motor_rifle,ru
2022-03-31,47.144614,37.455905,810th Separate Naval Infantry Brigade,motor_rifle,ru
2022-03-31,51.005713,34.779757,27th Separate Guards Motorized Rifle Brigade,motor_rifle,ru
2022-03-31,50.429404,36.352724,25th Separate Guards Motorized Rifle Brigade,motor_rifle,ru
2022-03-31,47.713512,37.577570,11th Separate Guards Motorized Rifle Regiment (DPR),motor_rifle,ru
2022-03-31,47.532478,35.363826,503rd Motorized Rifle Regiment,motor_rifle,ru
2022-03-31,47.503995,35.445440,503rd Motorized Rifle Regiment,motor_rifle,ru
2022-03-31,47.524480,35.823524,71st Guards Motorized Rifle Regiment,motor_rifle,ru
2022-03-31,47.068764,37.440036,810th Separate Naval Infantry Brigade,motor_rifle,ru
2022-03-31,46.835687,32.751689,34th Separate Motorized Rifle Brigade,motor_rifle,ru
2022-03-31,46.916860,33.086448,205th Separate Motorized Rifle Brigade,motor_rifle,ru
2022-03-31,47.422031,33.262712,11th Separate Guards Air Assault Brigade,vdv,ru
2022-04-01,51.515304,29.422865,69th Separate Covering Brigade,motor_rifle,ru
2022-04-01,50.144356,37.956819,51st Guards Airborne Regiment,vdv,ru
2022-04-01,51.570318,31.125076,35th Separate Guards Motorized Rifle Brigade,motor_rifle,ru
2022-04-01,51.447257,31.081259,74th Separate Guards Motorized Rifle Brigade,motor_rifle,ru
2022-04-01,51.328531,30.436204,155th Separate Guards Naval Infantry Brigade,motor_rifle,ru
2022-04-01,50.110062,38.060234,137th Guards Airborne Regiment,vdv,ru
2022-04-01,52.004681,29.173645,36th Separate Guards Motorized Rifle Brigade,motor_rifle,ru
2022-04-01,51.061308,30.122804,5th Separate Guards Tank Brigade,tank,ru
2022-04-01,51.041879,29.774310,37th Separate Guards Motorized Rifle Brigade,motor_rifle,ru
2022-04-01,52.331016,30.376628,45th Separate Guards Special Purpose Brigade,vdv,ru
2022-04-01,50.598550,32.120953,21st Separate Guards Motorized Rifle Brigade,motor_rifle,ru
2022-04-01,52.024692,29.190672,64th Separate Motorized Rifle Brigade,motor_rifle,ru
2022-04-01,50.773715,33.440358,15th Guards Motorized Rifle Regiment,motor_rifle,ru
2022-04-01,50.228508,36.162083,200th Separate Motorized Rifle Brigade,motor_rifle,ru
2022-04-01,51.201556,33.461418,15th Separate Motorized Rifle Brigade,motor_rifle,ru
2022-04-01,50.961234,34.928287,27th Separate Guards Motorized Rifle Brigade,motor_rifle,ru
2022-04-01,50.816086,35.281824,1st Guards Motorized Rifle Regiment,motor_rifle,ru
2022-04-01,50.437619,35.605503,423rd Guards Motorized Rifle Regiment,motor_rifle,ru
2022-04-01,50.030701,36.562979,138th Separate Guards Motorized Rifle Brigade,motor_rifle,ru
2022-04-01,49.723008,36.918297,59th Guards Tank Regiment,tank,ru
2022-04-01,49.467421,36.882987,752nd Guards Motorized Rifle Regiment,motor_rifle,ru
2022-04-01,49.128721,37.114634,26th Guards Tank Regiment,tank,ru
2022-04-01,49.256737,37.602860,252nd Guards Motorized Rifle Regiment,motor_rifle,ru
2022-04-01,51.105387,29.656985,38th Separate Motorized Rifle Brigade,motor_rifle,ru
2022-04-01,51.198261,29.471488,38th Separate Motorized Rifle Brigade,motor_rifle,ru
2022-04-01,51.289892,33.404963,15th Separate Motorized Rifle Brigade,motor_rifle,ru
2022-04-01,51.767991,29.180714,104th Guards Air Assault Regiment,vdv,ru
2022-04-01,47.091771,37.721481,102nd Motorized Rifle Regiment,motor_rifle,ru
2022-04-01,47.422031,33.262712,11th Separate Guards Air Assault Brigade,vdv,ru
2022-04-01,46.736885,32.211150,255th Guards Motorized Rifle Regiment,motor_rifle,ru
2022-04-01,46.796962,32.271940,33rd Guards Motorized Rifle Regiment,motor_rifle,ru
2022-04-01,46.808397,32.452657,56th Guards Air Assault Regiment,vdv,ru
2022-04-01,47.382926,33.715351,126th Separate Guards Coastal Defense Brigade,motor_rifle,ru
2022-04-01,50.580953,35.408074,12th Guards Tank Regiment,tank,ru
2022-04-01,50.801488,33.115741,1st Guards Tank Regiment,tank,ru
2022-04-01,51.613202,31.163630,55th Separate Motorized Rifle Brigade,motor_rifle,ru
2022-04-01,51.649796,31.263633,55th Separate Motorized Rifle Brigade,motor_rifle,ru
2022-04-01,47.130317,37.685164,102nd Motorized Rifle Regiment,motor_rifle,ru
2022-04-01,47.162786,37.484408,68th Tank Regiment,tank,ru
2022-04-01,47.171955,37.677152,68th Tank Regiment,tank,ru
2022-04-01,47.805026,36.825915,163rd Tank Regiment,tank,ru
2022-04-01,50.750042,32.033835,228th Motorized Rifle Regiment,motor_rifle,ru
2022-04-01,47.068764,37.440037,810th Separate Naval Infantry Brigade,motor_rifle,ru
2022-04-01,47.703321,37.226123,163rd Tank Regiment,tank,ru
2022-04-01,46.916860,33.086448,205th Separate Motorized Rifle Brigade,motor_rifle,ru
2022-04-01,47.561199,36.259426,71st Guards Motorized Rifle Regiment,motor_rifle,ru
2022-04-01,47.524480,35.823524,71st Guards Motorized Rifle Regiment,motor_rifle,ru
2022-04-01,47.503995,35.445440,503rd Motorized Rifle Regiment,motor_rifle,ru
2022-04-01,46.835687,32.751689,34th Separate Motorized Rifle Brigade,motor_rifle,ru
2022-04-01,47.713512,37.577570,11th Separate Guards Motorized Rifle Regiment (DPR),motor_rifle,ru
2022-04-01,50.429404,36.352724,25th Separate Guards Motorized Rifle Brigade,motor_rifle,ru
2022-04-01,51.005713,34.779757,27th Separate Guards Motorized Rifle Brigade,motor_rifle,ru
2022-04-01,47.144614,37.455905,810th Separate Naval Infantry Brigade,motor_rifle,ru
2022-04-01,47.532478,35.363826,503rd Motorized Rifle Regiment,motor_rifle,ru
2022-04-03,47.382926,33.715351,126th Separate Guards Coastal Defense Brigade,motor_rifle,ru
2022-04-03,50.030701,36.562979,138th Separate Guards Motorized Rifle Brigade,motor_rifle,ru
2022-04-03,49.428780,36.834504,51st Guards Airborne Regiment,vdv,ru
2022-04-03,49.710997,36.844997,137th Guards Airborne Regiment,vdv,ru
2022-04-03,50.996434,35.094416,15th Guards Motorized Rifle Regiment,motor_rifle,ru
2022-04-03,50.961234,34.928287,27th Separate Guards Motorized Rifle Brigade,motor_rifle,ru
2022-04-03,50.816086,35.281824,1st Guards Motorized Rifle Regiment,motor_rifle,ru
2022-04-03,50.228508,36.162083,200th Separate Motorized Rifle Brigade,motor_rifle,ru
2022-04-03,49.723008,36.918297,59th Guards Tank Regiment,tank,ru
2022-04-03,49.036076,38.356535,2nd Army Corps (Luhansk),motor_rifle,ru
2022-04-03,49.315561,37.057315,26th Guards Tank Regiment,tank,ru
2022-04-03,49.256737,37.602860,252nd Guards Motorized Rifle Regiment,motor_rifle,ru
2022-04-03,49.117459,37.163918,13th Guards Tank Regiment,tank,ru
2022-04-03,49.133558,37.286237,237th Tank Regiment,tank,ru
2022-04-03,48.941123,38.687262,2nd Army Corps (Luhansk),motor_rifle,ru
2022-04-03,48.625812,38.524838,2nd Army Corps (Luhansk),motor_rifle,ru
2022-04-03,51.164074,33.361339,90th Guards Tank Division,motor_rifle,ru
2022-04-03,47.422031,33.262712,11th Separate Guards Air Assault Brigade,vdv,ru
2022-04-03,49.269512,37.218591,752nd Guards Motorized Rifle Regiment,motor_rifle,ru
2022-04-03,46.916860,33.086448,205th Separate Motorized Rifle Brigade,motor_rifle,ru
2022-04-03,47.561199,36.259426,71st Guards Motorized Rifle Regiment,motor_rifle,ru
2022-04-03,46.736885,32.211150,255th Guards Motorized Rifle Regiment,motor_rifle,ru
2022-04-03,46.835687,32.751689,34th Separate Motorized Rifle Brigade,motor_rifle,ru
2022-04-03,46.796962,32.271940,33rd Guards Motorized Rifle Regiment,motor_rifle,ru
2022-04-03,46.808397,32.452657,56th Guards Air Assault Regiment,vdv,ru
2022-04-03,51.021837,34.563913,1st Guards Tank Regiment,tank,ru
2022-04-03,47.091771,37.721481,102nd Motorized Rifle Regiment,motor_rifle,ru
2022-04-03,47.162786,37.484408,68th Tank Regiment,tank,ru
2022-04-03,47.171955,37.677152,68th Tank Regiment,tank,ru
2022-04-03,47.805026,36.825915,163rd Tank Regiment,tank,ru
2022-04-03,47.130317,37.685164,102nd Motorized Rifle Regiment,motor_rifle,ru
2022-04-03,47.068764,37.440037,810th Separate Naval Infantry Brigade,motor_rifle,ru
2022-04-03,47.144614,37.455905,810th Separate Naval Infantry Brigade,motor_rifle,ru
2022-04-03,51.005713,34.779757,27th Separate Guards Motorized Rifle Brigade,motor_rifle,ru
2022-04-03,50.429404,36.352724,25th Separate Guards Motorized Rifle Brigade,motor_rifle,ru
2022-04-03,47.713512,37.577570,11th Separate Guards Motorized Rifle Regiment (DPR),motor_rifle,ru
2022-04-03,47.532478,35.363826,503rd Motorized Rifle Regiment,motor_rifle,ru
2022-04-03,47.503995,35.445440,503rd Motorized Rifle Regiment,motor_rifle,ru
2022-04-03,47.703321,37.226123,163rd Tank Regiment,tank,ru
2022-04-03,47.524480,35.823524,71st Guards Motorized Rifle Regiment,motor_rifle,ru
2022-04-06,49.049158,37.219261,1st Guards Tank Regiment,tank,ru
2022-04-06,49.118499,37.300618,237th Tank Regiment,tank,ru
2022-04-06,49.151316,37.531224,252nd Guards Motorized Rifle Regiment,motor_rifle,ru
2022-04-06,48.628905,38.390207,4th Separate Motorized Rifle Brigade (LPR),motor_rifle,ru
2022-04-06,49.036076,38.356535,2nd Army Corps (Luhansk),motor_rifle,ru
2022-04-06,49.124187,37.116361,13th Guards Tank Regiment,tank,ru
2022-04-06,48.941123,38.687262,2nd Army Corps (Luhansk),motor_rifle,ru
2022-04-06,49.172974,37.277433,752nd Guards Motorized Rifle Regiment,motor_rifle,ru
2022-04-06,47.144614,37.455905,810th Separate Naval Infantry Brigade,motor_rifle,ru
2022-04-06,49.726091,36.870799,137th Guards Airborne Regiment,vdv,ru
2022-04-06,49.708888,37.636934,35th Combined Arms Army,motor_rifle,ru
2022-04-06,50.033599,38.022443,38th Separate Motorized Rifle Brigade,motor_rifle,ru
2022-04-06,50.030701,36.562979,138th Separate Guards Motorized Rifle Brigade,motor_rifle,ru
2022-04-06,50.363862,36.512762,25th Separate Guards Motorized Rifle Brigade,motor_rifle,ru
2022-04-06,50.495904,36.255667,200th Separate Motorized Rifle Brigade,motor_rifle,ru
2022-04-06,48.220564,37.872607,1st Army Corps (Donetsk),motor_rifle,ru
2022-04-06,49.442927,36.841150,51st Guards Airborne Regiment,vdv,ru
2022-04-06,47.068764,37.440037,810th Separate Naval Infantry Brigade,motor_rifle,ru
2022-04-06,47.703321,37.226123,163rd Tank Regiment,tank,ru
2022-04-06,47.162786,37.484408,68th Tank Regiment,tank,ru
2022-04-06,46.802838,32.536749,56th Guards Air Assault Regiment,vdv,ru
2022-04-06,46.741172,32.391749,20th Guards Motorized Rifle Division,motor_rifle,ru
2022-04-06,46.835687,32.751689,34th Separate Motorized Rifle Brigade,motor_rifle,ru
2022-04-06,46.916860,33.086448,205th Separate Motorized Rifle Brigade,motor_rifle,ru
2022-04-06,47.331503,33.308110,11th Separate Guards Air Assault Brigade,vdv,ru
2022-04-06,47.171955,37.677152,68th Tank Regiment,tank,ru
2022-04-06,47.532478,35.363826,503rd Motorized Rifle Regiment,motor_rifle,ru
2022-04-06,47.503995,35.445440,503rd Motorized Rifle Regiment,motor_rifle,ru
2022-04-06,47.486108,35.747740,136th Separate Guards Motorized Rifle Brigade,motor_rifle,ru
2022-04-06,47.180527,33.758431,126th Separate Guards Coastal Defense Brigade,motor_rifle,ru
2022-04-06,47.551153,36.207374,71st Guards Motorized Rifle Regiment,motor_rifle,ru
2022-04-06,47.562658,36.348941,71st Guards Motorized Rifle Regiment,motor_rifle,ru
2022-04-06,47.805026,36.825915,163rd Tank Regiment,tank,ru
2022-04-06,47.713512,37.577570,11th Separate Guards Motorized Rifle Regiment (DPR),motor_rifle,ru
2022-04-06,47.091771,37.721481,102nd Motorized Rifle Regiment,motor_rifle,ru
2022-04-06,47.130317,37.685164,102nd Motorized Rifle Regiment,motor_rifle,ru
2022-04-06,47.538233,35.933478,136th Separate Guards Motorized Rifle Brigade,motor_rifle,ru
2022-04-09,48.220564,37.872607,1st Army Corps (Donetsk),motor_rifle,ru
2022-04-09,49.049158,37.219261,1st Guards Tank Regiment,tank,ru
2022-04-09,49.118499,37.300618,237th Tank Regiment,tank,ru
2022-04-09,49.151316,37.531224,252nd Guards Motorized Rifle Regiment,motor_rifle,ru
2022-04-09,48.939919,38.710179,127th Motorized Rifle Division,motor_rifle,ru
2022-04-09,49.043582,38.367650,57th Separate Guards Motorized Rifle Brigade,motor_rifle,ru
2022-04-09,48.800768,38.738063,127th Motorized Rifle Division,motor_rifle,ru
2022-04-09,49.124187,37.116361,13th Guards Tank Regiment,tank,ru
2022-04-09,49.031956,38.457568,57th Separate Guards Motorized Rifle Brigade,motor_rifle,ru
2022-04-09,49.123275,36.995378,423rd Guards Motorized Rifle Regiment,motor_rifle,ru
2022-04-09,47.532478,35.363826,503rd Motorized Rifle Regiment,motor_rifle,ru
2022-04-09,49.442927,36.841150,51st Guards Airborne Regiment,vdv,ru
2022-04-09,49.726091,36.870799,137th Guards Airborne Regiment,vdv,ru
2022-04-09,49.708888,37.636934,35th Combined Arms Army,motor_rifle,ru
2022-04-09,50.023020,37.332349,38th Separate Motorized Rifle Brigade,motor_rifle,ru
2022-04-09,50.248800,37.812905,76th Guards Air Assault Division,vdv,ru
2022-04-09,50.087957,38.041826,76th Guards Air Assault Division,vdv,ru
2022-04-09,50.030701,36.562979,138th Separate Guards Motorized Rifle Brigade,motor_rifle,ru
2022-04-09,50.363862,36.512762,25th Separate Guards Motorized Rifle Brigade,motor_rifle,ru
2022-04-09,50.495904,36.255667,200th Separate Motorized Rifle Brigade,motor_rifle,ru
2022-04-09,48.628763,38.474965,4th Separate Motorized Rifle Brigade (LPR),motor_rifle,ru
2022-04-09,49.172974,37.277433,752nd Guards Motorized Rifle Regiment,motor_rifle,ru
2022-04-09,48.126173,37.888414,60th Separate Motorized Rifle Brigade,motor_rifle,ru
2022-04-09,46.802838,32.536749,56th Guards Air Assault Regiment,vdv,ru
2022-04-09,47.068764,37.440037,810th Separate Naval Infantry Brigade,motor_rifle,ru
2022-04-09,46.711900,32.422485,127th Separate Reconnaissance Brigade,motor_rifle,ru
2022-04-09,46.632989,32.383904,10th Separate Special Purpose Brigade,vdv,ru
2022-04-09,46.835687,32.751689,34th Separate Motorized Rifle Brigade,motor_rifle,ru
2022-04-09,46.916860,33.086448,205th Separate Motorized Rifle Brigade,motor_rifle,ru
2022-04-09,47.144614,37.455905,177th Naval Infantry Regiment,motor_rifle,ru
2022-04-09,47.180527,33.758431,126th Separate Guards Coastal Defense Brigade,motor_rifle,ru
2022-04-09,47.503995,35.445440,503rd Motorized Rifle Regiment,motor_rifle,ru
2022-04-09,47.486108,35.747740,136th Separate Guards Motorized Rifle Brigade,motor_rifle,ru
2022-04-09,47.538233,35.933478,136th Separate Guards Motorized Rifle Brigade,motor_rifle,ru
2022-04-09,47.551153,36.207374,71st Guards Motorized Rifle Regiment,motor_rifle,ru
2022-04-09,47.331503,33.308110,11th Separate Guards Air Assault Brigade,vdv,ru
2022-04-09,47.791819,36.824529,70th Guards Motorized Rifle Regiment,motor_rifle,ru
2022-04-09,47.759763,36.968113,70th Guards Motorized Rifle Regiment,motor_rifle,ru
2022-04-09,47.754944,37.131931,163rd Tank Regiment,tank,ru
2022-04-09,47.727275,37.317293,163rd Tank Regiment,tank,ru
2022-04-09,47.713512,37.577570,11th Separate Guards Motorized Rifle Regiment (DPR),motor_rifle,ru
2022-04-09,47.091771,37.721481,102nd Motorized Rifle Regiment,motor_rifle,ru
2022-04-09,47.130317,37.685164,102nd Motorized Rifle Regiment,motor_rifle,ru
2022-04-09,47.162786,37.484408,68th Tank Regiment,tank,ru
2022-04-09,47.171955,37.677152,68th Tank Regiment,tank,ru
2022-04-09,47.562658,36.348941,71st Guards Motorized Rifle Regiment,motor_rifle,ru
2022-04-12,49.241870,37.101394,1st Guards Tank Regiment,tank,ru
2022-04-12,49.217495,37.269815,237th Tank Regiment,tank,ru
2022-04-12,49.151316,37.531224,252nd Guards Motorized Rifle Regiment,motor_rifle,ru
2022-04-12,47.637941,38.824165,155th Separate Guards Naval Infantry Brigade,motor_rifle,ru
2022-04-12,48.800768,38.738063,127th Motorized Rifle Division,motor_rifle,ru
2022-04-12,49.043582,38.367650,57th Separate Guards Motorized Rifle Brigade,motor_rifle,ru
2022-04-12,48.870378,38.890813,127th Motorized Rifle Division,tank,ru
2022-04-12,48.939919,38.710179,127th Motorized Rifle Division,motor_rifle,ru
2022-04-12,49.158853,37.112058,13th Guards Tank Regiment,tank,ru
2022-04-12,49.031956,38.457568,57th Separate Guards Motorized Rifle Brigade,motor_rifle,ru
2022-04-12,49.181735,37.011228,423rd Guards Motorized Rifle Regiment,motor_rifle,ru
2022-04-12,48.217269,37.972868,1st Army Corps (Donetsk),motor_rifle,ru
2022-04-12,49.442927,36.841150,51st Guards Airborne Regiment,vdv,ru
2022-04-12,49.726091,36.870799,137th Guards Airborne Regiment,vdv,ru
2022-04-12,49.708888,37.636934,35th Combined Arms Army,motor_rifle,ru
2022-04-12,50.023020,37.332349,38th Separate Motorized Rifle Brigade,motor_rifle,ru
2022-04-12,50.247229,37.983905,76th Guards Air Assault Division,vdv,ru
2022-04-12,50.288212,37.945346,76th Guards Air Assault Division,vdv,ru
2022-04-12,50.408282,36.946878,138th Separate Guards Motorized Rifle Brigade,motor_rifle,ru
2022-04-12,50.495904,36.255667,200th Separate Motorized Rifle Brigade,motor_rifle,ru
2022-04-12,49.892751,37.021100,144th Guards Motorized Rifle Division,motor_rifle,ru
2022-04-12,50.206074,38.081366,41st Combined Arms Army,motor_rifle,ru
2022-04-12,50.198863,38.093983,35th Combined Arms Army,motor_rifle,ru
2022-04-12,49.140376,37.387875,752nd Guards Motorized Rifle Regiment,motor_rifle,ru
2022-04-12,48.628763,38.474965,4th Separate Motorized Rifle Brigade (LPR),motor_rifle,ru
2022-04-12,50.363862,36.512762,25th Separate Guards Motorized Rifle Brigade,motor_rifle,ru
2022-04-12,47.144614,37.455905,177th Naval Infantry Regiment,motor_rifle,ru
2022-04-12,46.802838,32.536749,56th Guards Air Assault Regiment,vdv,ru
2022-04-12,46.711900,32.422485,127th Separate Reconnaissance Brigade,motor_rifle,ru
2022-04-12,46.632989,32.383904,10th Separate Special Purpose Brigade,vdv,ru
2022-04-12,46.835687,32.751689,34th Separate Motorized Rifle Brigade,motor_rifle,ru
2022-04-12,48.126173,37.888414,60th Separate Motorized Rifle Brigade,motor_rifle,ru
2022-04-12,46.916860,33.086448,205th Separate Motorized Rifle Brigade,motor_rifle,ru
2022-04-12,47.180527,33.758431,126th Separate Guards Coastal Defense Brigade,motor_rifle,ru
2022-04-12,47.532478,35.363826,503rd Motorized Rifle Regiment,motor_rifle,ru
2022-04-12,47.503995,35.445440,503rd Motorized Rifle Regiment,motor_rifle,ru
2022-04-12,47.362146,35.253582,429th Motorized Rifle Regiment,motor_rifle,ru
2022-04-12,47.486108,35.747740,136th Separate Guards Motorized Rifle Brigade,motor_rifle,ru
2022-04-12,47.538233,35.933478,136th Separate Guards Motorized Rifle Brigade,motor_rifle,ru
2022-04-12,47.331503,33.308110,11th Separate Guards Air Assault Brigade,vdv,ru
2022-04-12,47.562658,36.348941,71st Guards Motorized Rifle Regiment,motor_rifle,ru
2022-04-12,47.551153,36.207374,71st Guards Motorized Rifle Regiment,motor_rifle,ru
2022-04-12,47.068764,37.440037,810th Separate Naval Infantry Brigade,motor_rifle,ru
2022-04-12,47.171955,37.677152,68th Tank Regiment,tank,ru
2022-04-12,47.181508,37.517742,68th Tank Regiment,tank,ru
2022-04-12,47.091771,37.721481,102nd Motorized Rifle Regiment,motor_rifle,ru
2022-04-12,47.130317,37.685164,102nd Motorized Rifle Regiment,motor_rifle,ru
2022-04-12,47.727275,37.317293,163rd Tank Regiment,tank,ru
2022-04-12,47.754944,37.131931,163rd Tank Regiment,tank,ru
2022-04-12,47.791819,36.824529,70th Guards Motorized Rifle Regiment,motor_rifle,ru
2022-04-12,47.568228,36.672481,291st Guards Motorized Rifle Regiment,motor_rifle,ru
2022-04-12,47.713512,37.577570,11th Separate Guards Motorized Rifle Regiment (DPR),motor_rifle,ru
2022-04-15,49.708888,37.636934,35th Combined Arms Army,motor_rifle,ru
2022-04-15,49.140376,37.387875,752nd Guards Motorized Rifle Regiment,motor_rifle,ru
2022-04-15,49.726091,36.870799,137th Guards Airborne Regiment,vdv,ru
2022-04-15,49.442927,36.841150,51st Guards Airborne Regiment,vdv,ru
2022-04-15,49.181735,37.011228,423rd Guards Motorized Rifle Regiment,motor_rifle,ru
2022-04-15,49.031956,38.457568,57th Separate Guards Motorized Rifle Brigade,motor_rifle,ru
2022-04-15,49.241870,37.101394,1st Guards Tank Regiment,tank,ru
2022-04-15,49.217495,37.269815,237th Tank Regiment,tank,ru
2022-04-15,49.243950,37.436633,252nd Guards Motorized Rifle Regiment,motor_rifle,ru
2022-04-15,47.806551,38.451205,155th Separate Guards Naval Infantry Brigade,motor_rifle,ru
2022-04-15,50.023020,37.332349,38th Separate Motorized Rifle Brigade,motor_rifle,ru
2022-04-15,49.158853,37.112058,13th Guards Tank Regiment,tank,ru
2022-04-15,50.247229,37.983905,76th Guards Air Assault Division,vdv,ru
2022-04-15,49.289444,38.189399,2nd Guards Combined Arms Army,motor_rifle,ru
2022-04-15,50.408282,36.946878,138th Separate Guards Motorized Rifle Brigade,motor_rifle,ru
2022-04-15,50.363862,36.512762,25th Separate Guards Motorized Rifle Brigade,motor_rifle,ru
2022-04-15,50.495904,36.255667,200th Separate Motorized Rifle Brigade,motor_rifle,ru
2022-04-15,49.892751,37.021100,144th Guards Motorized Rifle Division,motor_rifle,ru
2022-04-15,50.206074,38.081366,41st Combined Arms Army,motor_rifle,ru
2022-04-15,50.198863,38.093983,35th Combined Arms Army,motor_rifle,ru
2022-04-15,49.391972,37.634044,201st Military Base,motor_rifle,ru
2022-04-15,49.385694,37.852730,201st Military Base,motor_rifle,ru
2022-04-15,49.468846,37.685188,201st Military Base,motor_rifle,ru
2022-04-15,49.416415,37.754441,201st Military Base,motor_rifle,ru
2022-04-15,49.278491,38.021579,2nd Guards Combined Arms Army,motor_rifle,ru
2022-04-15,48.870378,38.890813,127th Motorized Rifle Division,tank,ru
2022-04-15,49.347023,38.097893,2nd Guards Combined Arms Army,motor_rifle,ru
2022-04-15,50.288212,37.945346,76th Guards Air Assault Division,vdv,ru
2022-04-15,48.939919,38.710179,127th Motorized Rifle Division,motor_rifle,ru
2022-04-15,49.043582,38.367650,57th Separate Guards Motorized Rifle Brigade,motor_rifle,ru
2022-04-15,48.217269,37.972868,1st Army Corps (Donetsk),motor_rifle,ru
2022-04-15,48.800768,38.738063,127th Motorized Rifle Division,motor_rifle,ru
2022-04-15,46.802838,32.536749,56th Guards Air Assault Regiment,vdv,ru
2022-04-15,46.711900,32.422485,127th Separate Reconnaissance Brigade,motor_rifle,ru
2022-04-15,46.632989,32.383904,10th Separate Special Purpose Brigade,vdv,ru
2022-04-15,46.835687,32.751689,34th Separate Motorized Rifle Brigade,motor_rifle,ru
2022-04-15,46.916860,33.086448,205th Separate Motorized Rifle Brigade,motor_rifle,ru
2022-04-15,47.331503,33.308110,11th Separate Guards Air Assault Brigade,vdv,ru
2022-04-15,47.180527,33.758431,126th Separate Guards Coastal Defense Brigade,motor_rifle,ru
2022-04-15,47.503995,35.445440,503rd Motorized Rifle Regiment,motor_rifle,ru
2022-04-15,47.362146,35.253582,429th Motorized Rifle Regiment,motor_rifle,ru
2022-04-15,47.486108,35.747740,136th Separate Guards Motorized Rifle Brigade,motor_rifle,ru
2022-04-15,47.538233,35.933478,136th Separate Guards Motorized Rifle Brigade,motor_rifle,ru
2022-04-15,47.551153,36.207374,71st Guards Motorized Rifle Regiment,motor_rifle,ru
2022-04-15,47.562658,36.348941,71st Guards Motorized Rifle Regiment,motor_rifle,ru
2022-04-15,47.532478,35.363826,503rd Motorized Rifle Regiment,motor_rifle,ru
2022-04-15,47.791819,36.824529,70th Guards Motorized Rifle Regiment,motor_rifle,ru
2022-04-15,47.568228,36.672481,291st Guards Motorized Rifle Regiment,motor_rifle,ru
2022-04-15,48.628763,38.474965,4th Separate Motorized Rifle Brigade (LPR),motor_rifle,ru
2022-04-15,48.126173,37.888414,60th Separate Motorized Rifle Brigade,motor_rifle,ru
2022-04-15,47.144614,37.455905,177th Naval Infantry Regiment,motor_rifle,ru
2022-04-15,47.171955,37.677152,68th Tank Regiment,tank,ru
2022-04-15,47.181508,37.517742,68th Tank Regiment,tank,ru
2022-04-15,47.068764,37.440037,810th Separate Naval Infantry Brigade,motor_rifle,ru
2022-04-15,47.091771,37.721481,102nd Motorized Rifle Regiment,motor_rifle,ru
2022-04-15,47.713512,37.577570,11th Separate Guards Motorized Rifle Regiment (DPR),motor_rifle,ru
2022-04-15,47.727275,37.317293,163rd Tank Regiment,tank,ru
2022-04-15,47.754944,37.131931,163rd Tank Regiment,tank,ru
2022-04-15,47.130317,37.685164,102nd Motorized Rifle Regiment,motor_rifle,ru
2022-04-18,49.730313,36.863867,64th Separate Motorized Rifle Brigade,motor_rifle,ru
2022-04-18,49.140376,37.387875,752nd Guards Motorized Rifle Regiment,motor_rifle,ru
2022-04-18,49.462342,36.879148,38th Separate Motorized Rifle Brigade,motor_rifle,ru
2022-04-18,49.088342,37.321605,106th Guards Airborne Division,vdv,ru
2022-04-18,49.091862,37.221186,106th Guards Airborne Division,vdv,ru
2022-04-18,49.181735,37.011228,423rd Guards Motorized Rifle Regiment,motor_rifle,ru
2022-04-18,49.031956,38.457568,57th Separate Guards Motorized Rifle Brigade,motor_rifle,ru
2022-04-18,49.241870,37.101394,1st Guards Tank Regiment,tank,ru
2022-04-18,49.217495,37.269815,237th Tank Regiment,tank,ru
2022-04-18,49.243950,37.436633,252nd Guards Motorized Rifle Regiment,motor_rifle,ru
2022-04-18,48.529434,38.573372,155th Separate Guards Naval Infantry Brigade,motor_rifle,ru
2022-04-18,50.247229,37.983905,76th Guards Air Assault Division,vdv,ru
2022-04-18,49.158853,37.112058,13th Guards Tank Regiment,tank,ru
2022-04-18,50.288212,37.945346,76th Guards Air Assault Division,vdv,ru
2022-04-18,49.427769,37.019624,68th Army Corps,motor_rifle,ru
2022-04-18,50.363862,36.512762,25th Separate Guards Motorized Rifle Brigade,motor_rifle,ru
2022-04-18,50.495904,36.255667,200th Separate Motorized Rifle Brigade,motor_rifle,ru
2022-04-18,49.892751,37.021100,144th Guards Motorized Rifle Division,motor_rifle,ru
2022-04-18,49.231747,37.987295,74th Separate Guards Motorized Rifle Brigade,motor_rifle,ru
2022-04-18,49.391972,37.634044,201st Military Base,motor_rifle,ru
2022-04-18,49.410551,37.858826,201st Military Base,motor_rifle,ru
2022-04-18,49.468846,37.685188,201st Military Base,motor_rifle,ru
2022-04-18,49.416415,37.754441,201st Military Base,motor_rifle,ru
2022-04-18,49.351361,38.167638,239th Guards Tank Regiment,tank,ru
2022-04-18,49.221747,38.294495,2nd Guards Combined Arms Army,motor_rifle,ru
2022-04-18,49.199100,38.131289,2nd Guards Combined Arms Army,motor_rifle,ru
2022-04-18,49.264223,38.194344,2nd Guards Combined Arms Army,motor_rifle,ru
2022-04-18,49.043582,38.367650,57th Separate Guards Motorized Rifle Brigade,motor_rifle,ru
2022-04-18,50.408282,36.946878,138th Separate Guards Motorized Rifle Brigade,motor_rifle,ru
2022-04-18,48.870378,38.890813,127th Motorized Rifle Division,tank,ru
2022-04-18,46.835687,32.751689,34th Separate Motorized Rifle Brigade,motor_rifle,ru
2022-04-18,48.800768,38.738063,127th Motorized Rifle Division,motor_rifle,ru
2022-04-18,48.939919,38.710179,127th Motorized Rifle Division,motor_rifle,ru
2022-04-18,46.802838,32.536749,56th Guards Air Assault Regiment,vdv,ru
2022-04-18,46.711900,32.422485,127th Separate Reconnaissance Brigade,motor_rifle,ru
2022-04-18,46.632989,32.383904,10th Separate Special Purpose Brigade,vdv,ru
2022-04-18,46.916860,33.086448,205th Separate Motorized Rifle Brigade,motor_rifle,ru
2022-04-18,47.331503,33.308110,11th Separate Guards Air Assault Brigade,vdv,ru
2022-04-18,47.180527,33.758431,126th Separate Guards Coastal Defense Brigade,motor_rifle,ru
2022-04-18,47.532478,35.363826,503rd Motorized Rifle Regiment,motor_rifle,ru
2022-04-18,47.362146,35.253582,429th Motorized Rifle Regiment,motor_rifle,ru
2022-04-18,47.486108,35.747740,136th Separate Guards Motorized Rifle Brigade,motor_rifle,ru
2022-04-18,47.538233,35.933478,136th Separate Guards Motorized Rifle Brigade,motor_rifle,ru
2022-04-18,47.551153,36.207374,71st Guards Motorized Rifle Regiment,motor_rifle,ru
2022-04-18,47.562658,36.348941,71st Guards Motorized Rifle Regiment,motor_rifle,ru
2022-04-18,47.568228,36.672481,291st Guards Motorized Rifle Regiment,motor_rifle,ru
2022-04-18,47.503995,35.445440,503rd Motorized Rifle Regiment,motor_rifle,ru
2022-04-18,47.754944,37.131931,163rd Tank Regiment,tank,ru
2022-04-18,48.217269,37.972868,1st Army Corps (Donetsk),motor_rifle,ru
2022-04-18,47.791819,36.824529,70th Guards Motorized Rifle Regiment,motor_rifle,ru
2022-04-18,48.126173,37.888414,60th Separate Motorized Rifle Brigade,motor_rifle,ru
2022-04-18,47.144614,37.455905,177th Naval Infantry Regiment,motor_rifle,ru
2022-04-18,47.068764,37.440037,810th Separate Naval Infantry Brigade,motor_rifle,ru
2022-04-18,47.122756,37.652923,1st Army Corps (Donetsk),motor_rifle,ru
2022-04-18,48.694440,38.642258,4th Separate Motorized Rifle Brigade (LPR),motor_rifle,ru
2022-04-18,47.143316,37.561577,68th Tank Regiment,tank,ru
2022-04-18,48.628467,38.492709,102nd Motorized Rifle Regiment,motor_rifle,ru
2022-04-18,48.644345,38.526057,102nd Motorized Rifle Regiment,motor_rifle,ru
2022-04-18,47.713512,37.577570,11th Separate Guards Motorized Rifle Regiment (DPR),motor_rifle,ru
2022-04-18,47.727275,37.317293,163rd Tank Regiment,tank,ru
2022-04-18,47.301199,37.537933,68th Tank Regiment,tank,ru
2022-04-21,49.462342,36.879148,64th Separate Motorized Rifle Brigade,motor_rifle,ru
2022-04-21,49.047230,37.366652,106th Guards Airborne Division,vdv,ru
2022-04-21,49.053285,37.204730,106th Guards Airborne Division,vdv,ru
2022-04-21,49.140376,37.387875,752nd Guards Motorized Rifle Regiment,motor_rifle,ru
2022-04-21,49.181735,37.011228,423rd Guards Motorized Rifle Regiment,motor_rifle,ru
2022-04-21,49.161742,37.082861,13th Guards Tank Regiment,tank,ru
2022-04-21,50.253966,38.024342,237th Tank Regiment,tank,ru
2022-04-21,49.084285,37.351388,1st Guards Tank Regiment,tank,ru
2022-04-21,49.243950,37.436633,252nd Guards Motorized Rifle Regiment,motor_rifle,ru
2022-04-21,47.144777,37.619310,155th Separate Guards Naval Infantry Brigade,motor_rifle,ru
2022-04-21,49.031956,38.457568,57th Separate Guards Motorized Rifle Brigade,motor_rifle,ru
2022-04-21,49.730313,36.863867,38th Separate Motorized Rifle Brigade,motor_rifle,ru
2022-04-21,49.131310,37.129718,1st Guards Motorized Rifle Regiment,motor_rifle,ru
2022-04-21,49.633922,37.615111,76th Guards Air Assault Division,vdv,ru
2022-04-21,49.050183,38.270942,2nd Guards Combined Arms Army,motor_rifle,ru
2022-04-21,50.408282,36.946878,138th Separate Guards Motorized Rifle Brigade,motor_rifle,ru
2022-04-21,50.363862,36.512762,25th Separate Guards Motorized Rifle Brigade,motor_rifle,ru
2022-04-21,50.495904,36.255667,200th Separate Motorized Rifle Brigade,motor_rifle,ru
2022-04-21,49.892751,37.021100,144th Guards Motorized Rifle Division,motor_rifle,ru
2022-04-21,49.231747,37.987295,74th Separate Guards Motorized Rifle Brigade,motor_rifle,ru
2022-04-21,49.391972,37.634044,201st Military Base,motor_rifle,ru
2022-04-21,49.410551,37.858826,201st Military Base,motor_rifle,ru
2022-04-21,49.468846,37.685188,201st Military Base,motor_rifle,ru
2022-04-21,49.416415,37.754441,201st Military Base,motor_rifle,ru
2022-04-21,49.427769,37.019624,68th Army Corps,motor_rifle,ru
2022-04-21,49.252419,38.202740,239th Guards Tank Regiment,tank,ru
2022-04-21,49.127080,38.157959,2nd Guards Combined Arms Army,motor_rifle,ru
2022-04-21,49.084775,38.218525,2nd Guards Combined Arms Army,motor_rifle,ru
2022-04-21,49.043582,38.367650,57th Separate Guards Motorized Rifle Brigade,motor_rifle,ru
2022-04-21,49.669777,37.495790,76th Guards Air Assault Division,vdv,ru
2022-04-21,48.870378,38.890813,127th Motorized Rifle Division,tank,ru
2022-04-21,46.916860,33.086448,205th Separate Motorized Rifle Brigade,motor_rifle,ru
2022-04-21,48.800768,38.738063,127th Motorized Rifle Division,motor_rifle,ru
2022-04-21,46.802838,32.536749,56th Guards Air Assault Regiment,vdv,ru
2022-04-21,46.711900,32.422485,127th Separate Reconnaissance Brigade,motor_rifle,ru
2022-04-21,46.632989,32.383904,10th Separate Special Purpose Brigade,vdv,ru
2022-04-21,46.835687,32.751689,34th Separate Motorized Rifle Brigade,motor_rifle,ru
2022-04-21,47.331503,33.308110,11th Separate Guards Air Assault Brigade,vdv,ru
2022-04-21,47.180527,33.758431,126th Separate Guards Coastal Defense Brigade,motor_rifle,ru
2022-04-21,47.532478,35.363826,503rd Motorized Rifle Regiment,motor_rifle,ru
2022-04-21,47.503995,35.445440,503rd Motorized Rifle Regiment,motor_rifle,ru
2022-04-21,47.362146,35.253582,429th Motorized Rifle Regiment,motor_rifle,ru
2022-04-21,47.922578,37.570451,136th Separate Guards Motorized Rifle Brigade,motor_rifle,ru
2022-04-21,47.960386,37.568367,136th Separate Guards Motorized Rifle Brigade,motor_rifle,ru
2022-04-21,47.551153,36.207374,71st Guards Motorized Rifle Regiment,motor_rifle,ru
2022-04-21,47.562658,36.348941,71st Guards Motorized Rifle Regiment,motor_rifle,ru
2022-04-21,47.568228,36.672481,291st Guards Motorized Rifle Regiment,motor_rifle,ru
2022-04-21,48.939919,38.710179,127th Motorized Rifle Division,motor_rifle,ru
2022-04-21,47.754944,37.131931,163rd Tank Regiment,tank,ru
2022-04-21,48.217269,37.972868,1st Army Corps (Donetsk),motor_rifle,ru
2022-04-21,48.694440,38.642258,4th Separate Motorized Rifle Brigade (LPR),motor_rifle,ru
2022-04-21,48.126173,37.888414,60th Separate Motorized Rifle Brigade,motor_rifle,ru
2022-04-21,47.797954,36.815563,70th Guards Motorized Rifle Regiment,motor_rifle,ru
2022-04-21,47.068764,37.440037,810th Separate Naval Infantry Brigade,motor_rifle,ru
2022-04-21,47.122756,37.652923,1st Army Corps (Donetsk),motor_rifle,ru
2022-04-21,47.144614,37.455905,177th Naval Infantry Regiment,motor_rifle,ru
2022-04-21,47.143316,37.561577,68th Tank Regiment,tank,ru
2022-04-21,48.628467,38.492709,102nd Motorized Rifle Regiment,motor_rifle,ru
2022-04-21,48.644345,38.526057,102nd Motorized Rifle Regiment,motor_rifle,ru
2022-04-21,47.713512,37.577570,11th Separate Guards Motorized Rifle Regiment (DPR),motor_rifle,ru
2022-04-21,47.727275,37.317293,163rd Tank Regiment,tank,ru
2022-04-21,47.301199,37.537933,68th Tank Regiment,tank,ru
2022-04-24,50.495904,36.255667,200th Separate Motorized Rifle Brigade,motor_rifle,ru
2022-04-24,50.363862,36.512762,25th Separate Guards Motorized Rifle Brigade,motor_rifle,ru
2022-04-24,50.408282,36.946878,138th Separate Guards Motorized Rifle Brigade,motor_rifle,ru
2022-04-24,49.669777,37.495790,76th Guards Air Assault Division,vdv,ru
2022-04-24,49.633922,37.615111,76th Guards Air Assault Division,vdv,ru
2022-04-24,49.161742,37.082861,13th Guards Tank Regiment,tank,ru
2022-04-24,49.182365,37.175125,64th Separate Motorized Rifle Brigade,motor_rifle,ru
2022-04-24,49.047230,37.366652,106th Guards Airborne Division,vdv,ru
2022-04-24,49.053285,37.204730,106th Guards Airborne Division,vdv,ru
2022-04-24,49.140376,37.387875,752nd Guards Motorized Rifle Regiment,motor_rifle,ru
2022-04-24,49.181735,37.011228,423rd Guards Motorized Rifle Regiment,motor_rifle,ru
2022-04-24,49.892751,37.021100,144th Guards Motorized Rifle Division,motor_rifle,ru
2022-04-24,49.730313,36.863867,38th Separate Motorized Rifle Brigade,motor_rifle,ru
2022-04-24,49.179125,38.002916,74th Separate Guards Motorized Rifle Brigade,motor_rifle,ru
2022-04-24,49.084775,38.218525,2nd Guards Combined Arms Army,motor_rifle,ru
2022-04-24,49.410551,37.858826,201st Military Base,motor_rifle,ru
2022-04-24,49.416415,37.754441,201st Military Base,motor_rifle,ru
2022-04-24,49.378710,37.966080,201st Military Base,motor_rifle,ru
2022-04-24,49.252419,38.202740,239th Guards Tank Regiment,tank,ru
2022-04-24,49.127080,38.157959,2nd Guards Combined Arms Army,motor_rifle,ru
2022-04-24,49.050183,38.270942,2nd Guards Combined Arms Army,motor_rifle,ru
2022-04-24,49.462062,36.879539,68th Army Corps,motor_rifle,ru
2022-04-24,49.596822,36.985014,68th Army Corps,motor_rifle,ru
2022-04-24,47.246513,37.360770,40th Separate Naval Infantry Brigade,motor_rifle,ru
2022-04-24,47.068764,37.440037,810th Separate Naval Infantry Brigade,motor_rifle,ru
2022-04-24,47.144614,37.455905,177th Naval Infantry Regiment,motor_rifle,ru
2022-04-24,49.283200,37.630718,30th Separate Motorized Rifle Brigade,motor_rifle,ru
2022-04-24,49.131310,37.129718,1st Guards Motorized Rifle Regiment,motor_rifle,ru
2022-04-24,49.354793,37.743306,201st Military Base,motor_rifle,ru
2022-04-24,48.126173,37.888412,60th Separate Motorized Rifle Brigade,motor_rifle,ru
2022-04-24,49.084285,37.351388,1st Guards Tank Regiment,tank,ru
2022-04-24,49.243950,37.436633,252nd Guards Motorized Rifle Regiment,motor_rifle,ru
2022-04-24,50.253966,38.024342,237th Tank Regiment,tank,ru
2022-04-24,46.802838,32.536749,56th Guards Air Assault Regiment,vdv,ru
2022-04-24,46.711900,32.422485,127th Separate Reconnaissance Brigade,motor_rifle,ru
2022-04-24,46.632989,32.383904,10th Separate Special Purpose Brigade,vdv,ru
2022-04-24,46.835687,32.751689,34th Separate Motorized Rifle Brigade,motor_rifle,ru
2022-04-24,46.916860,33.086448,205th Separate Motorized Rifle Brigade,motor_rifle,ru
2022-04-24,47.331503,33.308110,11th Separate Guards Air Assault Brigade,vdv,ru
2022-04-24,47.180527,33.758431,126th Separate Guards Coastal Defense Brigade,motor_rifle,ru
2022-04-24,47.503995,35.445440,503rd Motorized Rifle Regiment,motor_rifle,ru
2022-04-24,47.362146,35.253582,429th Motorized Rifle Regiment,motor_rifle,ru
2022-04-24,47.922578,37.570451,136th Separate Guards Motorized Rifle Brigade,motor_rifle,ru
2022-04-24,47.960386,37.568367,136th Separate Guards Motorized Rifle Brigade,motor_rifle,ru
2022-04-24,47.551153,36.207374,71st Guards Motorized Rifle Regiment,motor_rifle,ru
2022-04-24,47.562658,36.348941,71st Guards Motorized Rifle Regiment,motor_rifle,ru
2022-04-24,47.532478,35.363826,503rd Motorized Rifle Regiment,motor_rifle,ru
2022-04-24,47.797954,36.815563,70th Guards Motorized Rifle Regiment,motor_rifle,ru
2022-04-24,47.359571,37.538865,155th Separate Guards Naval Infantry Brigade,motor_rifle,ru
2022-04-24,47.568228,36.672481,291st Guards Motorized Rifle Regiment,motor_rifle,ru
2022-04-24,49.031956,38.457568,57th Separate Guards Motorized Rifle Brigade,motor_rifle,ru
2022-04-24,49.043582,38.367650,57th Separate Guards Motorized Rifle Brigade,motor_rifle,ru
2022-04-24,48.870378,38.890813,127th Motorized Rifle Division,tank,ru
2022-04-24,48.800768,38.738063,127th Motorized Rifle Division,motor_rifle,ru
2022-04-24,47.122756,37.652923,1st Army Corps (Donetsk),motor_rifle,ru
2022-04-24,48.939919,38.710179,127th Motorized Rifle Division,motor_rifle,ru
2022-04-24,48.628467,38.492709,102nd Motorized Rifle Regiment,motor_rifle,ru
2022-04-24,48.644345,38.526057,102nd Motorized Rifle Regiment,motor_rifle,ru
2022-04-24,47.713512,37.577570,11th Separate Guards Motorized Rifle Regiment (DPR),motor_rifle,ru
2022-04-24,47.727275,37.317293,163rd Tank Regiment,tank,ru
2022-04-24,47.754944,37.131931,163rd Tank Regiment,tank,ru
2022-04-24,48.622367,38.539339,68th Tank Regiment,tank,ru
2022-04-27,49.663366,36.900884,27th Separate Guards Motorized Rifle Brigade,motor_rifle,ru
2022-04-27,50.363862,36.512762,25th Separate Guards Motorized Rifle Brigade,motor_rifle,ru
2022-04-27,49.541288,37.046260,27th Separate Guards Motorized Rifle Brigade,motor_rifle,ru
2022-04-27,49.892751,37.021100,144th Guards Motorized Rifle Division,motor_rifle,ru
2022-04-27,50.495904,36.255667,200th Separate Motorized Rifle Brigade,motor_rifle,ru
2022-04-27,50.408282,36.946878,138th Separate Guards Motorized Rifle Brigade,motor_rifle,ru
2022-04-27,49.140376,37.387875,752nd Guards Motorized Rifle Regiment,motor_rifle,ru
2022-04-27,49.633922,37.615111,76th Guards Air Assault Division,vdv,ru
2022-04-27,49.730313,36.863867,38th Separate Motorized Rifle Brigade,motor_rifle,ru
2022-04-27,49.227935,37.024266,64th Separate Motorized Rifle Brigade,motor_rifle,ru
2022-04-27,49.047230,37.366652,106th Guards Airborne Division,vdv,ru
2022-04-27,49.053285,37.204730,106th Guards Airborne Division,vdv,ru
2022-04-27,49.022647,37.964648,74th Separate Guards Motorized Rifle Brigade,motor_rifle,ru
2022-04-27,49.669777,37.495790,76th Guards Air Assault Division,vdv,ru
2022-04-27,49.204548,37.677748,201st Military Base,motor_rifle,ru
2022-04-27,49.493086,36.973429,68th Army Corps,motor_rifle,ru
2022-04-27,49.175412,37.813121,201st Military Base,motor_rifle,ru
2022-04-27,49.217141,37.842733,201st Military Base,motor_rifle,ru
2022-04-27,49.128003,37.931321,55th Separate Motorized Rifle Brigade,motor_rifle,ru
2022-04-27,49.048536,38.216021,239th Guards Tank Regiment,tank,ru
2022-04-27,49.026796,38.109591,2nd Guards Combined Arms Army,motor_rifle,ru
2022-04-27,49.037136,38.299009,2nd Guards Combined Arms Army,motor_rifle,ru
2022-04-27,49.057438,38.054413,2nd Guards Combined Arms Army,motor_rifle,ru
2022-04-27,47.246513,37.360770,40th Separate Naval Infantry Brigade,motor_rifle,ru
2022-04-27,47.068764,37.440037,810th Separate Naval Infantry Brigade,motor_rifle,ru
2022-04-27,47.144614,37.455905,177th Naval Infantry Regiment,motor_rifle,ru
2022-04-27,49.180287,37.580134,30th Separate Motorized Rifle Brigade,motor_rifle,ru
2022-04-27,48.126173,37.888412,60th Separate Motorized Rifle Brigade,motor_rifle,ru
2022-04-27,49.524540,36.851077,68th Army Corps,motor_rifle,ru
2022-04-27,49.130414,37.107887,423rd Guards Motorized Rifle Regiment,motor_rifle,ru
2022-04-27,49.185946,37.738030,201st Military Base,motor_rifle,ru
2022-04-27,49.126089,37.059210,13th Guards Tank Regiment,tank,ru
2022-04-27,49.043582,38.367650,57th Separate Guards Motorized Rifle Brigade,motor_rifle,ru
2022-04-27,49.084285,37.351388,1st Guards Tank Regiment,tank,ru
2022-04-27,46.802838,32.536749,56th Guards Air Assault Regiment,vdv,ru
2022-04-27,46.711900,32.422485,127th Separate Reconnaissance Brigade,motor_rifle,ru
2022-04-27,46.632989,32.383904,10th Separate Special Purpose Brigade,vdv,ru
2022-04-27,46.835687,32.751689,34th Separate Motorized Rifle Brigade,motor_rifle,ru
2022-04-27,46.916860,33.086448,205th Separate Motorized Rifle Brigade,motor_rifle,ru
2022-04-27,47.331503,33.308110,11th Separate Guards Air Assault Brigade,vdv,ru
2022-04-27,47.180527,33.758431,126th Separate Guards Coastal Defense Brigade,motor_rifle,ru
2022-04-27,47.503995,35.445440,503rd Motorized Rifle Regiment,motor_rifle,ru
2022-04-27,47.362146,35.253582,429th Motorized Rifle Regiment,motor_rifle,ru
2022-04-27,47.922578,37.570451,136th Separate Guards Motorized Rifle Brigade,motor_rifle,ru
2022-04-27,47.960386,37.568367,136th Separate Guards Motorized Rifle Brigade,motor_rifle,ru
2022-04-27,47.551153,36.207374,71st Guards Motorized Rifle Regiment,motor_rifle,ru
2022-04-27,47.562658,36.348941,71st Guards Motorized Rifle Regiment,motor_rifle,ru
2022-04-27,47.568228,36.672481,291st Guards Motorized Rifle Regiment,motor_rifle,ru
2022-04-27,47.797954,36.815563,70th Guards Motorized Rifle Regiment,motor_rifle,ru
2022-04-27,47.532478,35.363826,503rd Motorized Rifle Regiment,motor_rifle,ru
2022-04-27,47.727275,37.317293,163rd Tank Regiment,tank,ru
2022-04-27,47.754944,37.131931,163rd Tank Regiment,tank,ru
2022-04-27,50.253966,38.024342,237th Tank Regiment,tank,ru
2022-04-27,49.243950,37.436633,252nd Guards Motorized Rifle Regiment,motor_rifle,ru
2022-04-27,47.359571,37.538865,155th Separate Guards Naval Infantry Brigade,motor_rifle,ru
2022-04-27,49.031956,38.457568,57th Separate Guards Motorized Rifle Brigade,motor_rifle,ru
2022-04-27,48.870378,38.890813,127th Motorized Rifle Division,tank,ru
2022-04-27,48.939919,38.710179,127th Motorized Rifle Division,motor_rifle,ru
2022-04-27,48.994441,37.250634,1st Guards Motorized Rifle Regiment,motor_rifle,ru
2022-04-27,48.800768,38.738063,127th Motorized Rifle Division,motor_rifle,ru
2022-04-27,47.122756,37.652923,1st Army Corps (Donetsk),motor_rifle,ru
2022-04-27,48.622367,38.539339,68th Tank Regiment,tank,ru
2022-04-27,48.628467,38.492709,102nd Motorized Rifle Regiment,motor_rifle,ru
2022-04-27,48.644345,38.526057,102nd Motorized Rifle Regiment,motor_rifle,ru
2022-04-27,47.713512,37.577570,11th Separate Guards Motorized Rifle Regiment (DPR),motor_rifle,ru
2022-04-30,49.175412,37.813121,201st Military Base,motor_rifle,ru
2022-04-30,49.026796,38.109591,2nd Guards Combined Arms Army,motor_rifle,ru
2022-04-30,49.048536,38.216021,239th Guards Tank Regiment,tank,ru
2022-04-30,49.680458,36.959546,55th Separate Motorized Rifle Brigade,motor_rifle,ru
2022-04-30,49.128003,37.931321,201st Military Base,motor_rifle,ru
2022-04-30,49.037136,38.299009,2nd Guards Combined Arms Army,motor_rifle,ru
2022-04-30,49.185946,37.738030,201st Military Base,motor_rifle,ru
2022-04-30,49.117059,37.299605,76th Guards Air Assault Division,vdv,ru
2022-04-30,49.022647,37.964648,74th Separate Guards Motorized Rifle Brigade,motor_rifle,ru
2022-04-30,49.892751,37.021100,144th Guards Motorized Rifle Division,motor_rifle,ru
2022-04-30,50.495904,36.255667,200th Separate Motorized Rifle Brigade,motor_rifle,ru
2022-04-30,50.363862,36.512762,25th Separate Guards Motorized Rifle Brigade,motor_rifle,ru
2022-04-30,50.408282,36.946878,138th Separate Guards Motorized Rifle Brigade,motor_rifle,ru
2022-04-30,49.137047,37.211875,76th Guards Air Assault Division,vdv,ru
2022-04-30,49.057438,38.054413,2nd Guards Combined Arms Army,motor_rifle,ru
2022-04-30,49.204548,37.677748,201st Military Base,motor_rifle,ru
2022-04-30,47.251151,36.058990,810th Separate Naval Infantry Brigade,motor_rifle,ru
2022-04-30,48.034732,37.718638,5th Separate Motorized Rifle Brigade (DPR),motor_rifle,ru
2022-04-30,49.180287,37.580134,30th Separate Motorized Rifle Brigade,motor_rifle,ru
2022-04-30,47.706177,37.593418,1st Separate Motorized Rifle Brigade (DPR),motor_rifle,ru
2022-04-30,48.073953,37.778140,100th Separate Motorized Rifle Brigade (DPR),motor_rifle,ru
2022-04-30,49.012487,37.175151,106th Guards Airborne Division,vdv,ru
2022-04-30,48.196735,37.980218,11th Separate Guards Motorized Rifle Regiment (DPR),motor_rifle,ru
2022-04-30,48.367023,38.020945,3rd Separate Motorized Rifle Brigade (DPR),motor_rifle,ru
2022-04-30,48.667749,38.607920,7th Separate Motorized Rifle Brigade (DPR),motor_rifle,ru
2022-04-30,48.551362,38.501892,6th Separate Motorized Rifle Regiment (LPR),motor_rifle,ru
2022-04-30,47.160230,36.027490,177th Naval Infantry Regiment,motor_rifle,ru
2022-04-30,48.781500,38.681246,2nd Separate Motorized Rifle Brigade (LPR),motor_rifle,ru
2022-04-30,49.262543,37.329070,37th Separate Guards Motorized Rifle Brigade,motor_rifle,ru
2022-04-30,49.286916,37.367726,5th Separate Guards Tank Brigade,tank,ru
2022-04-30,49.210858,37.138730,64th Separate Motorized Rifle Brigade,motor_rifle,ru
2022-04-30,49.224797,37.030090,38th Separate Motorized Rifle Brigade,motor_rifle,ru
2022-04-30,49.493086,36.973429,68th Army Corps,motor_rifle,ru
2022-04-30,49.524540,36.851077,68th Army Corps,motor_rifle,ru
2022-04-30,48.126173,37.888412,60th Separate Motorized Rifle Brigade,motor_rifle,ru
2022-04-30,48.722548,38.628621,4th Separate Motorized Rifle Brigade (LPR),motor_rifle,ru
2022-04-30,49.177211,37.420909,752nd Guards Motorized Rifle Regiment,motor_rifle,ru
2022-04-30,49.021557,37.238043,106th Guards Airborne Division,vdv,ru
2022-04-30,49.126089,37.059210,13th Guards Tank Regiment,tank,ru
2022-04-30,47.797954,36.815563,70th Guards Motorized Rifle Regiment,motor_rifle,ru
2022-04-30,47.568228,36.672481,291st Guards Motorized Rifle Regiment,motor_rifle,ru
2022-04-30,47.562658,36.348941,71st Guards Motorized Rifle Regiment,motor_rifle,ru
2022-04-30,47.551153,36.207374,71st Guards Motorized Rifle Regiment,motor_rifle,ru
2022-04-30,47.960386,37.568367,136th Separate Guards Motorized Rifle Brigade,motor_rifle,ru
2022-04-30,47.922578,37.570451,136th Separate Guards Motorized Rifle Brigade,motor_rifle,ru
2022-04-30,47.362146,35.253582,429th Motorized Rifle Regiment,motor_rifle,ru
2022-04-30,48.695129,38.620698,163rd Tank Regiment,tank,ru
2022-04-30,47.503995,35.445440,503rd Motorized Rifle Regiment,motor_rifle,ru
2022-04-30,47.180527,33.758431,126th Separate Guards Coastal Defense Brigade,motor_rifle,ru
2022-04-30,47.331503,33.308110,11th Separate Guards Air Assault Brigade,vdv,ru
2022-04-30,46.916860,33.086448,205th Separate Motorized Rifle Brigade,motor_rifle,ru
2022-04-30,46.835687,32.751689,34th Separate Motorized Rifle Brigade,motor_rifle,ru
2022-04-30,46.632989,32.383904,10th Separate Special Purpose Brigade,vdv,ru
2022-04-30,46.711900,32.422485,127th Separate Reconnaissance Brigade,motor_rifle,ru
2022-04-30,49.130414,37.107887,423rd Guards Motorized Rifle Regiment,motor_rifle,ru
2022-04-30,47.532478,35.363826,503rd Motorized Rifle Regiment,motor_rifle,ru
2022-04-30,48.582070,38.538601,163rd Tank Regiment,tank,ru
2022-04-30,46.802838,32.536749,56th Guards Air Assault Regiment,vdv,ru
2022-04-30,48.644345,38.526057,102nd Motorized Rifle Regiment,motor_rifle,ru
2022-04-30,48.183604,37.961840,11th Separate Guards Motorized Rifle Regiment (DPR),motor_rifle,ru
2022-04-30,49.098749,37.385984,27th Separate Guards Motorized Rifle Brigade,motor_rifle,ru
2022-04-30,49.069426,37.423760,1st Guards Motorized Rifle Regiment,motor_rifle,ru
2022-04-30,49.087550,37.478423,1st Guards Tank Regiment,tank,ru
2022-04-30,50.253966,38.024342,237th Tank Regiment,tank,ru
2022-04-30,49.243950,37.436633,252nd Guards Motorized Rifle Regiment,motor_rifle,ru
2022-04-30,47.384333,36.947045,40th Separate Naval Infantry Brigade,motor_rifle,ru
2022-04-30,47.452290,36.876321,155th Separate Guards Naval Infantry Brigade,motor_rifle,ru
2022-04-30,49.064794,37.347864,27th Separate Guards Motorized Rifle Brigade,motor_rifle,ru
2022-04-30,49.043582,38.367650,57th Separate Guards Motorized Rifle Brigade,motor_rifle,ru
2022-04-30,48.925892,38.754897,127th Motorized Rifle Division,tank,ru
2022-04-30,48.941729,38.621055,127th Motorized Rifle Division,motor_rifle,ru
2022-04-30,48.837989,38.600552,127th Motorized Rifle Division,motor_rifle,ru
2022-04-30,47.153992,37.592831,1st Army Corps (Donetsk),motor_rifle,ru
2022-04-30,48.622367,38.539339,68th Tank Regiment,tank,ru
2022-04-30,49.031956,38.457568,57th Separate Guards Motorized Rifle Brigade,motor_rifle,ru
2022-04-30,48.628467,38.492709,102nd Motorized Rifle Regiment,motor_rifle,ru
2022-05-07,47.160230,36.027490,177th Naval Infantry Regiment,motor_rifle,ru
2022-05-07,47.251151,36.058990,810th Separate Naval Infantry Brigade,motor_rifle,ru
2022-05-07,48.941840,37.943155,15th Separate Motorized Rifle Brigade,motor_rifle,ru
2022-05-07,49.037136,38.299009,2nd Guards Combined Arms Army,motor_rifle,ru
2022-05-07,49.026796,38.109591,2nd Guards Combined Arms Army,motor_rifle,ru
2022-05-07,49.680458,36.959546,55th Separate Motorized Rifle Brigade,motor_rifle,ru
2022-05-07,49.077759,37.865113,201st Military Base,motor_rifle,ru
2022-05-07,49.022647,37.964648,74th Separate Guards Motorized Rifle Brigade,motor_rifle,ru
2022-05-07,49.185946,37.738030,201st Military Base,motor_rifle,ru
2022-05-07,49.204548,37.677748,201st Military Base,motor_rifle,ru
2022-05-07,49.892751,37.021100,144th Guards Motorized Rifle Division,motor_rifle,ru
2022-05-07,50.495904,36.255667,200th Separate Motorized Rifle Brigade,motor_rifle,ru
2022-05-07,50.363862,36.512762,25th Separate Guards Motorized Rifle Brigade,motor_rifle,ru
2022-05-07,49.275455,37.268518,76th Guards Air Assault Division,vdv,ru
2022-05-07,49.180287,37.580134,30th Separate Motorized Rifle Brigade,motor_rifle,ru
2022-05-07,49.256720,37.228446,76th Guards Air Assault Division,vdv,ru
2022-05-07,49.118883,37.766193,201st Military Base,motor_rifle,ru
2022-05-07,48.126173,37.888412,60th Separate Motorized Rifle Brigade,motor_rifle,ru
2022-05-07,49.019553,38.389916,2nd Separate Motorized Rifle Brigade (LPR),motor_rifle,ru
2022-05-07,49.493086,36.973429,68th Army Corps,motor_rifle,ru
2022-05-07,49.336832,37.219423,106th Guards Airborne Division,vdv,ru
2022-05-07,49.068391,38.400771,7th Separate Motorized Rifle Brigade (LPR),motor_rifle,ru
2022-05-07,49.048536,38.216021,239th Guards Tank Regiment,tank,ru
2022-05-07,47.706177,37.593418,1st Separate Motorized Rifle Brigade (DPR),motor_rifle,ru
2022-05-07,48.073953,37.778140,100th Separate Motorized Rifle Brigade (DPR),motor_rifle,ru
2022-05-07,48.034732,37.718638,5th Separate Motorized Rifle Brigade (DPR),motor_rifle,ru
2022-05-07,48.196735,37.980218,11th Separate Guards Motorized Rifle Regiment (DPR),motor_rifle,ru
2022-05-07,49.524540,36.851077,68th Army Corps,motor_rifle,ru
2022-05-07,48.367023,38.020945,3rd Separate Motorized Rifle Brigade (DPR),motor_rifle,ru
2022-05-07,48.551362,38.501892,6th Separate Motorized Rifle Regiment (LPR),motor_rifle,ru
2022-05-07,48.722548,38.628621,4th Separate Motorized Rifle Brigade (LPR),motor_rifle,ru
2022-05-07,49.262543,37.329070,37th Separate Guards Motorized Rifle Brigade,motor_rifle,ru
2022-05-07,49.267587,37.101657,64th Separate Motorized Rifle Brigade,motor_rifle,ru
2022-05-07,49.184782,37.128342,38th Separate Motorized Rifle Brigade,motor_rifle,ru
2022-05-07,49.167388,37.053734,37th Separate Guards Motorized Rifle Brigade,motor_rifle,ru
2022-05-07,49.121376,37.012986,5th Separate Guards Tank Brigade,tank,ru
2022-05-07,48.667749,38.607920,7th Separate Motorized Rifle Brigade (DPR),motor_rifle,ru
2022-05-07,49.177211,37.420909,752nd Guards Motorized Rifle Regiment,motor_rifle,ru
2022-05-07,50.408282,36.946878,138th Separate Guards Motorized Rifle Brigade,motor_rifle,ru
2022-05-07,49.140224,37.261662,27th Separate Guards Motorized Rifle Brigade,motor_rifle,ru
2022-05-07,47.797954,36.815563,70th Guards Motorized Rifle Regiment,motor_rifle,ru
2022-05-07,47.568228,36.672481,291st Guards Motorized Rifle Regiment,motor_rifle,ru
2022-05-07,47.562658,36.348941,71st Guards Motorized Rifle Regiment,motor_rifle,ru
2022-05-07,47.551153,36.207374,71st Guards Motorized Rifle Regiment,motor_rifle,ru
2022-05-07,47.960386,37.568367,136th Separate Guards Motorized Rifle Brigade,motor_rifle,ru
2022-05-07,47.922578,37.570451,136th Separate Guards Motorized Rifle Brigade,motor_rifle,ru
2022-05-07,47.503995,35.445440,503rd Motorized Rifle Regiment,motor_rifle,ru
2022-05-07,48.695129,38.620698,163rd Tank Regiment,tank,ru
2022-05-07,47.532478,35.363826,503rd Motorized Rifle Regiment,motor_rifle,ru
2022-05-07,47.331503,33.308110,11th Separate Guards Air Assault Brigade,vdv,ru
2022-05-07,46.916860,33.086448,205th Separate Motorized Rifle Brigade,motor_rifle,ru
2022-05-07,46.835687,32.751689,34th Separate Motorized Rifle Brigade,motor_rifle,ru
2022-05-07,46.632989,32.383904,10th Separate Special Purpose Brigade,vdv,ru
2022-05-07,46.711900,32.422485,127th Separate Reconnaissance Brigade,motor_rifle,ru
2022-05-07,46.802838,32.536749,56th Guards Air Assault Regiment,vdv,ru
2022-05-07,49.313162,37.285577,13th Guards Tank Regiment,tank,ru
2022-05-07,47.180527,33.758431,126th Separate Guards Coastal Defense Brigade,motor_rifle,ru
2022-05-07,48.582070,38.538601,163rd Tank Regiment,tank,ru
2022-05-07,47.362146,35.253582,429th Motorized Rifle Regiment,motor_rifle,ru
2022-05-07,48.644345,38.526057,102nd Motorized Rifle Regiment,motor_rifle,ru
2022-05-07,48.183604,37.961840,11th Separate Guards Motorized Rifle Regiment (DPR),motor_rifle,ru
2022-05-07,49.077660,37.331359,1st Guards Motorized Rifle Regiment,motor_rifle,ru
2022-05-07,49.087568,37.475952,1st Guards Tank Regiment,tank,ru
2022-05-07,50.253966,38.024342,237th Tank Regiment,tank,ru
2022-05-07,49.243950,37.436633,252nd Guards Motorized Rifle Regiment,motor_rifle,ru
2022-05-07,47.384333,36.947045,40th Separate Naval Infantry Brigade,motor_rifle,ru
2022-05-07,47.452290,36.876321,155th Separate Guards Naval Infantry Brigade,motor_rifle,ru
2022-05-07,49.031956,38.457568,57th Separate Guards Motorized Rifle Brigade,motor_rifle,ru
2022-05-07,49.092444,37.216732,27th Separate Guards Motorized Rifle Brigade,motor_rifle,ru
2022-05-07,48.628467,38.492709,102nd Motorized Rifle Regiment,motor_rifle,ru
2022-05-07,48.925892,38.754897,127th Motorized Rifle Division,tank,ru
2022-05-07,48.941729,38.621055,127th Motorized Rifle Division,motor_rifle,ru
2022-05-07,48.837989,38.600552,127th Motorized Rifle Division,motor_rifle,ru
2022-05-07,47.153992,37.592831,1st Army Corps (Donetsk),motor_rifle,ru
2022-05-07,49.037318,38.950588,68th Tank Regiment,tank,ru
2022-05-07,48.622367,38.539339,336th Separate Guards Naval Infantry Brigade,tank,ru
2022-05-07,49.043582,38.367650,57th Separate Guards Motorized Rifle Brigade,motor_rifle,ru
2022-05-13,49.037136,38.299009,2nd Guards Combined Arms Army,motor_rifle,ru
2022-05-13,47.251151,36.058990,810th Separate Naval Infantry Brigade,motor_rifle,ru
2022-05-13,47.160230,36.027490,177th Naval Infantry Regiment,motor_rifle,ru
2022-05-13,49.493086,36.973429,68th Army Corps,motor_rifle,ru
2022-05-13,48.126173,37.888412,60th Separate Motorized Rifle Brigade,motor_rifle,ru
2022-05-13,49.026796,38.109591,2nd Guards Combined Arms Army,motor_rifle,ru
2022-05-13,49.524540,36.851077,68th Army Corps,motor_rifle,ru
2022-05-13,49.180287,37.580134,30th Separate Motorized Rifle Brigade,motor_rifle,ru
2022-05-13,49.680458,36.959546,55th Separate Motorized Rifle Brigade,motor_rifle,ru
2022-05-13,49.204548,37.677748,201st Military Base,motor_rifle,ru
2022-05-13,49.118883,37.766193,201st Military Base,motor_rifle,ru
2022-05-13,49.185946,37.738030,201st Military Base,motor_rifle,ru
2022-05-13,53.205030,34.279368,144th Guards Motorized Rifle Division,motor_rifle,ru
2022-05-13,50.220316,36.418076,200th Separate Motorized Rifle Brigade,motor_rifle,ru
2022-05-13,50.363862,36.512762,25th Separate Guards Motorized Rifle Brigade,motor_rifle,ru
2022-05-13,50.408282,36.946878,138th Separate Guards Motorized Rifle Brigade,motor_rifle,ru
2022-05-13,49.059806,37.220985,76th Guards Air Assault Division,vdv,ru
2022-05-13,49.077759,37.865113,201st Military Base,motor_rifle,ru
2022-05-13,49.300047,37.216265,5th Separate Guards Tank Brigade,tank,ru
2022-05-13,50.529674,36.619805,11th Army Corps,motor_rifle,ru
2022-05-13,49.268344,36.984468,64th Separate Motorized Rifle Brigade,motor_rifle,ru
2022-05-13,50.526707,36.809019,11th Army Corps,motor_rifle,ru
2022-05-13,50.514579,36.445783,11th Army Corps,tank,ru
2022-05-13,49.346899,38.099215,98th Guards Airborne Division,vdv,ru
2022-05-13,48.962588,38.194756,35th Separate Guards Motorized Rifle Brigade,motor_rifle,ru
2022-05-13,48.954987,37.899338,228th Motorized Rifle Regiment,motor_rifle,ru
2022-05-13,49.068391,38.400771,7th Separate Motorized Rifle Brigade (LPR),motor_rifle,ru
2022-05-13,49.000133,37.891978,239th Guards Tank Regiment,tank,ru
2022-05-13,47.706177,37.593418,1st Separate Motorized Rifle Brigade (DPR),motor_rifle,ru
2022-05-13,48.073953,37.778140,100th Separate Motorized Rifle Brigade (DPR),motor_rifle,ru
2022-05-13,48.034732,37.718638,5th Separate Motorized Rifle Brigade (DPR),motor_rifle,ru
2022-05-13,48.196735,37.980218,11th Separate Guards Motorized Rifle Regiment (DPR),motor_rifle,ru
2022-05-13,48.367023,38.020945,3rd Separate Motorized Rifle Brigade (DPR),motor_rifle,ru
2022-05-13,48.667749,38.607920,7th Separate Motorized Rifle Brigade (DPR),motor_rifle,ru
2022-05-13,48.551362,38.501892,6th Separate Motorized Rifle Regiment (LPR),motor_rifle,ru
2022-05-13,49.019553,38.389916,2nd Separate Motorized Rifle Brigade (LPR),motor_rifle,ru
2022-05-13,48.722548,38.628621,4th Separate Motorized Rifle Brigade (LPR),motor_rifle,ru
2022-05-13,49.300669,37.369516,37th Separate Guards Motorized Rifle Brigade,motor_rifle,ru
2022-05-13,49.199990,36.969115,38th Separate Motorized Rifle Brigade,motor_rifle,ru
2022-05-13,49.121150,37.014777,76th Guards Air Assault Division,vdv,ru
2022-05-13,49.177211,37.420909,752nd Guards Motorized Rifle Regiment,motor_rifle,ru
2022-05-13,49.656474,37.350808,13th Guards Tank Regiment,tank,ru
2022-05-13,47.797954,36.815563,70th Guards Motorized Rifle Regiment,motor_rifle,ru
2022-05-13,47.568228,36.672481,291st Guards Motorized Rifle Regiment,motor_rifle,ru
2022-05-13,47.562658,36.348941,71st Guards Motorized Rifle Regiment,motor_rifle,ru
2022-05-13,47.551153,36.207374,71st Guards Motorized Rifle Regiment,motor_rifle,ru
2022-05-13,47.960386,37.568367,136th Separate Guards Motorized Rifle Brigade,motor_rifle,ru
2022-05-13,47.922578,37.570451,136th Separate Guards Motorized Rifle Brigade,motor_rifle,ru
2022-05-13,47.362146,35.253582,429th Motorized Rifle Regiment,motor_rifle,ru
2022-05-13,48.695129,38.620698,163rd Tank Regiment,tank,ru
2022-05-13,47.503995,35.445440,503rd Motorized Rifle Regiment,motor_rifle,ru
2022-05-13,47.180527,33.758431,126th Separate Guards Coastal Defense Brigade,motor_rifle,ru
2022-05-13,47.331503,33.308110,11th Separate Guards Air Assault Brigade,vdv,ru
2022-05-13,46.916860,33.086448,205th Separate Motorized Rifle Brigade,motor_rifle,ru
2022-05-13,46.835687,32.751689,34th Separate Motorized Rifle Brigade,motor_rifle,ru
2022-05-13,46.632989,32.383904,10th Separate Special Purpose Brigade,vdv,ru
2022-05-13,46.711900,32.422485,127th Separate Reconnaissance Brigade,motor_rifle,ru
2022-05-13,49.671557,37.646077,106th Guards Airborne Division,vdv,ru
2022-05-13,47.532478,35.363826,503rd Motorized Rifle Regiment,motor_rifle,ru
2022-05-13,48.582070,38.538601,163rd Tank Regiment,tank,ru
2022-05-13,46.802838,32.536749,56th Guards Air Assault Regiment,vdv,ru
2022-05-13,48.644345,38.526057,102nd Motorized Rifle Regiment,motor_rifle,ru
2022-05-13,48.183604,37.961840,11th Separate Guards Motorized Rifle Regiment (DPR),motor_rifle,ru
2022-05-13,50.254750,36.812770,27th Separate Guards Motorized Rifle Brigade,motor_rifle,ru
2022-05-13,49.077660,37.331359,1st Guards Motorized Rifle Regiment,motor_rifle,ru
2022-05-13,49.087568,37.475952,1st Guards Tank Regiment,tank,ru
2022-05-13,50.253966,38.024342,237th Tank Regiment,tank,ru
2022-05-13,49.243950,37.436633,252nd Guards Motorized Rifle Regiment,motor_rifle,ru
2022-05-13,48.670526,38.377027,40th Separate Naval Infantry Brigade,motor_rifle,ru
2022-05-13,47.452290,36.876321,155th Separate Guards Naval Infantry Brigade,motor_rifle,ru
2022-05-13,50.201962,36.642321,27th Separate Guards Motorized Rifle Brigade,motor_rifle,ru
2022-05-13,49.043582,38.367650,57th Separate Guards Motorized Rifle Brigade,motor_rifle,ru
2022-05-13,48.925892,38.754897,127th Motorized Rifle Division,tank,ru
2022-05-13,48.941729,38.621055,127th Motorized Rifle Division,motor_rifle,ru
2022-05-13,48.837989,38.600552,127th Motorized Rifle Division,motor_rifle,ru
2022-05-13,47.153992,37.592831,1st Army Corps (Donetsk),motor_rifle,ru
2022-05-13,49.037318,38.950588,68th Tank Regiment,tank,ru
2022-05-13,48.656588,38.416698,336th Separate Guards Naval Infantry Brigade,motor_rifle,ru
2022-05-13,49.031956,38.457568,57th Separate Guards Motorized Rifle Brigade,motor_rifle,ru
2022-05-13,48.628467,38.492709,102nd Motorized Rifle Regiment,motor_rifle,ru
2022-05-20,49.268344,36.984468,64th Separate Motorized Rifle Brigade,motor_rifle,ru
2022-05-20,49.199990,36.969115,38th Separate Motorized Rifle Brigade,motor_rifle,ru
2022-05-20,49.300047,37.216265,5th Separate Guards Tank Brigade,tank,ru
2022-05-20,49.493086,36.973429,68th Army Corps,motor_rifle,ru
2022-05-20,49.524540,36.851077,68th Army Corps,motor_rifle,ru
2022-05-20,48.126173,37.888412,60th Separate Motorized Rifle Brigade,motor_rifle,ru
2022-05-20,49.180287,37.580134,30th Separate Motorized Rifle Brigade,motor_rifle,ru
2022-05-20,49.026796,38.109591,2nd Guards Combined Arms Army,motor_rifle,ru
2022-05-20,47.251151,36.058990,810th Separate Naval Infantry Brigade,motor_rifle,ru
2022-05-20,49.037136,38.299009,2nd Guards Combined Arms Army,motor_rifle,ru
2022-05-20,48.956664,38.143471,55th Separate Motorized Rifle Brigade,motor_rifle,ru
2022-05-20,49.077759,37.865113,201st Military Base,motor_rifle,ru
2022-05-20,49.118883,37.766193,201st Military Base,motor_rifle,ru
2022-05-20,53.205030,34.279368,144th Guards Motorized Rifle Division,motor_rifle,ru
2022-05-20,49.300669,37.369516,37th Separate Guards Motorized Rifle Brigade,motor_rifle,ru
2022-05-20,47.160230,36.027490,177th Naval Infantry Regiment,motor_rifle,ru
2022-05-20,48.722548,38.628621,4th Separate Motorized Rifle Brigade (LPR),motor_rifle,ru
2022-05-20,47.706177,37.593418,1st Separate Motorized Rifle Brigade (DPR),motor_rifle,ru
2022-05-20,48.551362,38.501892,6th Separate Motorized Rifle Regiment (LPR),motor_rifle,ru
2022-05-20,50.220316,36.418076,200th Separate Motorized Rifle Brigade,motor_rifle,ru
2022-05-20,48.098259,37.820312,61st Separate Naval Infantry Brigade,motor_rifle,ru
2022-05-20,50.526707,36.809019,11th Army Corps,motor_rifle,ru
2022-05-20,50.529674,36.619805,11th Army Corps,motor_rifle,ru
2022-05-20,50.514579,36.445783,11th Army Corps,tank,ru
2022-05-20,49.346899,38.099215,98th Guards Airborne Division,vdv,ru
2022-05-20,48.954987,37.899338,228th Motorized Rifle Regiment,motor_rifle,ru
2022-05-20,49.068391,38.400771,7th Separate Motorized Rifle Brigade (LPR),motor_rifle,ru
2022-05-20,49.000133,37.891978,239th Guards Tank Regiment,tank,ru
2022-05-20,49.071670,38.927458,36th Separate Guards Motorized Rifle Brigade,motor_rifle,ru
2022-05-20,48.073953,37.778140,100th Separate Motorized Rifle Brigade (DPR),motor_rifle,ru
2022-05-20,48.034732,37.718638,5th Separate Motorized Rifle Brigade (DPR),motor_rifle,ru
2022-05-20,48.196735,37.980218,11th Separate Guards Motorized Rifle Regiment (DPR),motor_rifle,ru
2022-05-20,48.367023,38.020945,3rd Separate Motorized Rifle Brigade (DPR),motor_rifle,ru
2022-05-20,48.667749,38.607920,7th Separate Motorized Rifle Brigade (DPR),motor_rifle,ru
2022-05-20,49.019553,38.389916,2nd Separate Motorized Rifle Brigade (LPR),motor_rifle,ru
2022-05-20,50.363862,36.512762,25th Separate Guards Motorized Rifle Brigade,motor_rifle,ru
2022-05-20,47.922578,37.570451,136th Separate Guards Motorized Rifle Brigade,motor_rifle,ru
2022-05-20,49.059806,37.220985,76th Guards Air Assault Division,vdv,ru
2022-05-20,48.656084,38.524342,102nd Motorized Rifle Regiment,motor_rifle,ru
2022-05-20,48.183604,37.961840,11th Separate Guards Motorized Rifle Regiment (DPR),motor_rifle,ru
2022-05-20,48.628240,38.498979,163rd Tank Regiment,tank,ru
2022-05-20,47.797954,36.815563,70th Guards Motorized Rifle Regiment,motor_rifle,ru
2022-05-20,47.568228,36.672481,291st Guards Motorized Rifle Regiment,motor_rifle,ru
2022-05-20,47.551045,36.254753,71st Guards Motorized Rifle Regiment,motor_rifle,ru
2022-05-20,47.479692,35.615651,429th Motorized Rifle Regiment,motor_rifle,ru
2022-05-20,47.532478,35.363826,503rd Motorized Rifle Regiment,motor_rifle,ru
2022-05-20,47.180527,33.758431,126th Separate Guards Coastal Defense Brigade,motor_rifle,ru
2022-05-20,47.331503,33.308110,11th Separate Guards Air Assault Brigade,vdv,ru
2022-05-20,46.916860,33.086448,205th Separate Motorized Rifle Brigade,motor_rifle,ru
2022-05-20,46.835687,32.751689,34th Separate Motorized Rifle Brigade,motor_rifle,ru
2022-05-20,46.632989,32.383904,10th Separate Special Purpose Brigade,vdv,ru
2022-05-20,46.711900,32.422485,127th Separate Reconnaissance Brigade,motor_rifle,ru
2022-05-20,50.408282,36.946878,138th Separate Guards Motorized Rifle Brigade,motor_rifle,ru
2022-05-20,48.595634,38.370606,336th Separate Guards Naval Infantry Brigade,motor_rifle,ru
2022-05-20,49.037318,38.950588,68th Tank Regiment,tank,ru
2022-05-20,46.802838,32.536749,56th Guards Air Assault Regiment,vdv,ru
2022-05-20,48.837989,38.600552,127th Motorized Rifle Division,motor_rifle,ru
2022-05-20,49.121150,37.014777,76th Guards Air Assault Division,vdv,ru
2022-05-20,48.612438,38.281143,U/I VDV Unit,vdv,ru
2022-05-20,49.177211,37.420909,752nd Guards Motorized Rifle Regiment,motor_rifle,ru
2022-05-20,49.656474,37.350808,13th Guards Tank Regiment,tank,ru
2022-05-20,47.153992,37.592831,1st Army Corps (Donetsk),motor_rifle,ru
2022-05-20,50.254750,36.812770,27th Separate Guards Motorized Rifle Brigade,motor_rifle,ru
2022-05-20,49.077660,37.331359,1st Guards Motorized Rifle Regiment,motor_rifle,ru
2022-05-20,50.201962,36.642321,27th Separate Guards Motorized Rifle Brigade,motor_rifle,ru
2022-05-20,50.253966,38.024342,237th Tank Regiment,tank,ru
2022-05-20,49.243950,37.436633,252nd Guards Motorized Rifle Regiment,motor_rifle,ru
2022-05-20,48.670526,38.377027,40th Separate Naval Infantry Brigade,motor_rifle,ru
2022-05-20,47.747239,37.216379,155th Separate Guards Naval Infantry Brigade,motor_rifle,ru
2022-05-20,48.639632,38.428872,57th Separate Guards Motorized Rifle Brigade,motor_rifle,ru
2022-05-20,48.925892,38.754897,127th Motorized Rifle Division,tank,ru
2022-05-20,48.941729,38.621055,127th Motorized Rifle Division,motor_rifle,ru
2022-05-20,49.087568,37.475952,1st Guards Tank Regiment,tank,ru
2022-05-27,49.068391,38.400771,7th Separate Motorized Rifle Brigade (LPR),motor_rifle,ru
2022-05-27,49.000133,37.891978,239th Guards Tank Regiment,tank,ru
2022-05-27,47.706177,37.593418,1st Separate Motorized Rifle Brigade (DPR),motor_rifle,ru
2022-05-27,48.073953,37.778140,100th Separate Motorized Rifle Brigade (DPR),motor_rifle,ru
2022-05-27,48.034732,37.718638,5th Separate Motorized Rifle Brigade (DPR),motor_rifle,ru
2022-05-27,48.196735,37.980218,11th Separate Guards Motorized Rifle Regiment (DPR),motor_rifle,ru
2022-05-27,49.268344,36.984468,64th Separate Motorized Rifle Brigade,motor_rifle,ru
2022-05-27,48.667749,38.607920,7th Separate Motorized Rifle Brigade (DPR),motor_rifle,ru
2022-05-27,48.551362,38.501892,6th Separate Motorized Rifle Regiment (LPR),motor_rifle,ru
2022-05-27,49.019553,38.389916,2nd Separate Motorized Rifle Brigade (LPR),motor_rifle,ru
2022-05-27,48.722548,38.628621,4th Separate Motorized Rifle Brigade (LPR),motor_rifle,ru
2022-05-27,49.187271,37.423407,37th Separate Guards Motorized Rifle Brigade,motor_rifle,ru
2022-05-27,48.954987,37.899338,228th Motorized Rifle Regiment,motor_rifle,ru
2022-05-27,48.367023,38.020945,3rd Separate Motorized Rifle Brigade (DPR),motor_rifle,ru
2022-05-27,50.514579,36.445783,11th Army Corps,tank,ru
2022-05-27,50.220316,36.418076,200th Separate Motorized Rifle Brigade,motor_rifle,ru
2022-05-27,50.526707,36.809019,11th Army Corps,motor_rifle,ru
2022-05-27,49.199990,36.969115,38th Separate Motorized Rifle Brigade,motor_rifle,ru
2022-05-27,47.160230,36.027490,177th Naval Infantry Regiment,motor_rifle,ru
2022-05-27,47.251151,36.058990,810th Separate Naval Infantry Brigade,motor_rifle,ru
2022-05-27,49.122401,37.024809,76th Guards Air Assault Division,vdv,ru
2022-05-27,49.706476,37.185705,1st Guards Tank Army,motor_rifle,ru
2022-05-27,50.596320,36.610242,1st Guards Tank Army,motor_rifle,ru
2022-05-27,50.529674,36.619805,11th Army Corps,motor_rifle,ru
2022-05-27,50.612267,36.543487,1st Guards Tank Army,tank,ru
2022-05-27,50.254750,36.812770,27th Separate Guards Motorized Rifle Brigade,motor_rifle,ru
2022-05-27,49.037136,38.299009,2nd Guards Combined Arms Army,motor_rifle,ru
2022-05-27,49.026796,38.109591,2nd Guards Combined Arms Army,motor_rifle,ru
2022-05-27,48.956664,38.143471,55th Separate Motorized Rifle Brigade,motor_rifle,ru
2022-05-27,49.077759,37.865113,201st Military Base,motor_rifle,ru
2022-05-27,49.118883,37.766193,201st Military Base,motor_rifle,ru
2022-05-27,53.205030,34.279368,144th Guards Motorized Rifle Division,motor_rifle,ru
2022-05-27,49.143699,37.282816,5th Separate Guards Tank Brigade,tank,ru
2022-05-27,49.493086,36.973429,68th Army Corps,motor_rifle,ru
2022-05-27,49.524540,36.851077,68th Army Corps,motor_rifle,ru
2022-05-27,46.802838,32.536749,56th Guards Air Assault Regiment,vdv,ru
2022-05-27,46.711900,32.422485,127th Separate Reconnaissance Brigade,motor_rifle,ru
2022-05-27,46.632989,32.383904,10th Separate Special Purpose Brigade,vdv,ru
2022-05-27,46.835687,32.751689,34th Separate Motorized Rifle Brigade,motor_rifle,ru
2022-05-27,46.916860,33.086448,205th Separate Motorized Rifle Brigade,motor_rifle,ru
2022-05-27,47.331503,33.308110,11th Separate Guards Air Assault Brigade,vdv,ru
2022-05-27,47.180527,33.758431,126th Separate Guards Coastal Defense Brigade,motor_rifle,ru
2022-05-27,47.533543,35.473164,429th Motorized Rifle Regiment,motor_rifle,ru
2022-05-27,47.922578,37.570451,136th Separate Guards Motorized Rifle Brigade,motor_rifle,ru
2022-05-27,47.551045,36.254753,71st Guards Motorized Rifle Regiment,motor_rifle,ru
2022-05-27,47.568228,36.672481,291st Guards Motorized Rifle Regiment,motor_rifle,ru
2022-05-27,47.797954,36.815563,70th Guards Motorized Rifle Regiment,motor_rifle,ru
2022-05-27,48.628240,38.498979,163rd Tank Regiment,tank,ru
2022-05-27,48.183604,37.961840,11th Separate Guards Motorized Rifle Regiment (DPR),motor_rifle,ru
2022-05-27,48.656084,38.524342,102nd Motorized Rifle Regiment,motor_rifle,ru
2022-05-27,47.532478,35.363826,503rd Motorized Rifle Regiment,motor_rifle,ru
2022-05-27,49.037318,38.950588,68th Tank Regiment,tank,ru
2022-05-27,48.610604,38.269551,336th Separate Guards Naval Infantry Brigade,motor_rifle,ru
2022-05-27,48.126173,37.888412,60th Separate Motorized Rifle Brigade,motor_rifle,ru
2022-05-27,49.180287,37.580134,30th Separate Motorized Rifle Brigade,motor_rifle,ru
2022-05-27,50.198622,38.102518,3rd Motorized Rifle Division,motor_rifle,ru
2022-05-27,50.253966,38.024342,237th Tank Regiment,tank,ru
2022-05-27,48.673337,38.267362,234th Guards Air Assault Regiment,vdv,ru
2022-05-27,48.670526,38.377027,40th Separate Naval Infantry Brigade,motor_rifle,ru
2022-05-27,48.640949,38.358450,80th Tank Regiment,tank,ru
2022-05-27,47.747239,37.216379,155th Separate Guards Naval Infantry Brigade,motor_rifle,ru
2022-05-27,48.618215,38.361980,57th Separate Guards Motorized Rifle Brigade,motor_rifle,ru
2022-05-27,48.925892,38.754897,127th Motorized Rifle Division,tank,ru
2022-05-27,48.941729,38.621055,127th Motorized Rifle Division,motor_rifle,ru
2022-05-27,48.837989,38.600552,127th Motorized Rifle Division,motor_rifle,ru
2022-05-27,47.153992,37.592831,1st Army Corps (Donetsk),motor_rifle,ru
2022-06-05,48.985262,37.802004,80th Tank Regiment,tank,ru
2022-06-05,50.514579,36.445783,11th Army Corps,tank,ru
2022-06-05,47.160230,36.027490,177th Naval Infantry Regiment,motor_rifle,ru
2022-06-05,48.954987,37.899338,228th Motorized Rifle Regiment,motor_rifle,ru
2022-06-05,48.935459,38.547865,7th Separate Motorized Rifle Brigade (LPR),motor_rifle,ru
2022-06-05,50.529674,36.619805,11th Army Corps,motor_rifle,ru
2022-06-05,47.706177,37.593418,1st Separate Motorized Rifle Brigade (DPR),motor_rifle,ru
2022-06-05,48.688745,38.594338,4th Separate Motorized Rifle Brigade (LPR),motor_rifle,ru
2022-06-05,48.034732,37.718638,5th Separate Motorized Rifle Brigade (DPR),motor_rifle,ru
2022-06-05,48.196735,37.980218,11th Separate Guards Motorized Rifle Regiment (DPR),motor_rifle,ru
2022-06-05,48.367023,38.020945,3rd Separate Motorized Rifle Brigade (DPR),motor_rifle,ru
2022-06-05,48.440170,38.291406,7th Separate Motorized Rifle Brigade (DPR),motor_rifle,ru
2022-06-05,48.498422,38.296997,6th Separate Motorized Rifle Regiment (LPR),motor_rifle,ru
2022-06-05,48.966377,38.500640,2nd Separate Motorized Rifle Brigade (LPR),motor_rifle,ru
2022-06-05,50.526707,36.809019,11th Army Corps,motor_rifle,ru
2022-06-05,48.073953,37.778140,100th Separate Motorized Rifle Brigade (DPR),motor_rifle,ru
2022-06-05,49.118392,37.590766,201st Military Base,motor_rifle,ru
2022-06-05,49.085325,37.408991,20th Guards Combined Arms Army,motor_rifle,ru
2022-06-05,48.956664,38.143471,55th Separate Motorized Rifle Brigade,motor_rifle,ru
2022-06-05,47.251151,36.058990,810th Separate Naval Infantry Brigade,motor_rifle,ru
2022-06-05,50.235463,38.055880,37th Separate Guards Motorized Rifle Brigade,motor_rifle,ru
2022-06-05,48.577428,38.359399,61st Separate Naval Infantry Brigade,motor_rifle,ru
2022-06-05,49.133018,37.141794,106th Guards Airborne Division,vdv,ru
2022-06-05,49.122401,37.024808,76th Guards Air Assault Division,vdv,ru
2022-06-05,49.706476,37.185705,1st Guards Tank Army,motor_rifle,ru
2022-06-05,50.596320,36.610242,1st Guards Tank Army,motor_rifle,ru
2022-06-05,50.612267,36.543487,1st Guards Tank Army,tank,ru
2022-06-05,53.205030,34.279368,144th Guards Motorized Rifle Division,motor_rifle,ru
2022-06-05,50.220316,36.418076,200th Separate Motorized Rifle Brigade,motor_rifle,ru
2022-06-05,50.254750,36.812770,27th Separate Guards Motorized Rifle Brigade,motor_rifle,ru
2022-06-05,49.029756,38.372593,2nd Guards Combined Arms Army,motor_rifle,ru
2022-06-05,49.050896,38.219285,2nd Guards Combined Arms Army,motor_rifle,ru
2022-06-05,48.950945,37.845545,15th Separate Motorized Rifle Brigade,motor_rifle,ru
2022-06-05,49.016005,37.761090,30th Separate Motorized Rifle Brigade,motor_rifle,ru
2022-06-05,49.077414,37.678445,201st Military Base,motor_rifle,ru
2022-06-05,49.268344,36.984468,64th Separate Motorized Rifle Brigade,motor_rifle,ru
2022-06-05,48.770626,38.598278,127th Motorized Rifle Division,motor_rifle,ru
2022-06-05,49.077194,37.332952,5th Separate Guards Tank Brigade,tank,ru
2022-06-05,47.797954,36.815563,70th Guards Motorized Rifle Regiment,motor_rifle,ru
2022-06-05,47.568228,36.672481,291st Guards Motorized Rifle Regiment,motor_rifle,ru
2022-06-05,47.551045,36.254753,71st Guards Motorized Rifle Regiment,motor_rifle,ru
2022-06-05,47.922578,37.570451,136th Separate Guards Motorized Rifle Brigade,motor_rifle,ru
2022-06-05,47.533543,35.473164,429th Motorized Rifle Regiment,motor_rifle,ru
2022-06-05,46.854605,33.392236,U/I Reserve Unit (DPR),tank,ru
2022-06-05,48.628240,38.498979,163rd Tank Regiment,tank,ru
2022-06-05,47.130490,33.150185,126th Separate Guards Coastal Defense Brigade,motor_rifle,ru
2022-06-05,46.916860,33.086448,205th Separate Motorized Rifle Brigade,motor_rifle,ru
2022-06-05,46.835687,32.751689,34th Separate Motorized Rifle Brigade,motor_rifle,ru
2022-06-05,46.632989,32.383904,10th Separate Special Purpose Brigade,vdv,ru
2022-06-05,46.711900,32.422485,127th Separate Reconnaissance Brigade,motor_rifle,ru
2022-06-05,46.802838,32.536749,56th Guards Air Assault Regiment,vdv,ru
2022-06-05,49.199990,36.969115,38th Separate Motorized Rifle Brigade,motor_rifle,ru
2022-06-05,47.097108,33.403643,11th Separate Guards Air Assault Brigade,vdv,ru
2022-06-05,48.183604,37.961840,11th Separate Guards Motorized Rifle Regiment (DPR),motor_rifle,ru
2022-06-05,47.532478,35.363826,503rd Motorized Rifle Regiment,motor_rifle,ru
2022-06-05,48.610604,38.269551,336th Separate Guards Naval Infantry Brigade,motor_rifle,ru
2022-06-05,48.738110,38.313633,102nd Motorized Rifle Regiment,motor_rifle,ru
2022-06-05,49.524540,36.851077,68th Army Corps,motor_rifle,ru
2022-06-05,48.126173,37.888412,60th Separate Motorized Rifle Brigade,motor_rifle,ru
2022-06-05,50.198622,38.102518,3rd Motorized Rifle Division,motor_rifle,ru
2022-06-05,50.253966,38.024342,237th Tank Regiment,tank,ru
2022-06-05,48.718883,38.272573,31st Separate Guards Air Assault Brigade,vdv,ru
2022-06-05,48.673337,38.267362,234th Guards Air Assault Regiment,vdv,ru
2022-06-05,48.640949,38.358450,80th Tank Regiment,tank,ru
2022-06-05,49.493086,36.973429,68th Army Corps,motor_rifle,ru
2022-06-05,47.747239,37.216379,155th Separate Guards Naval Infantry Brigade,motor_rifle,ru
2022-06-05,48.719981,38.384350,57th Separate Guards Motorized Rifle Brigade,motor_rifle,ru
2022-06-05,48.722024,38.630912,127th Motorized Rifle Division,tank,ru
2022-06-05,48.726385,38.563375,127th Motorized Rifle Division,motor_rifle,ru
2022-06-05,47.153992,37.592831,1st Army Corps (Donetsk),motor_rifle,ru
2022-06-05,49.037318,38.950588,68th Tank Regiment,tank,ru
2022-06-05,48.670526,38.377027,40th Separate Naval Infantry Brigade,motor_rifle,ru
2022-06-13,48.951570,37.937303,228th Motorized Rifle Regiment,motor_rifle,ru
2022-06-13,49.073135,37.552648,201st Military Base,motor_rifle,ru
2022-06-13,49.050301,37.658665,15th Separate Motorized Rifle Brigade,motor_rifle,ru
2022-06-13,49.004245,37.720119,30th Separate Motorized Rifle Brigade,motor_rifle,ru
2022-06-13,48.941175,37.799666,239th Guards Tank Regiment,tank,ru
2022-06-13,49.012414,37.921672,21st Separate Guards Motorized Rifle Brigade,motor_rifle,ru
2022-06-13,48.768681,38.608251,4th Separate Motorized Rifle Brigade (LPR),motor_rifle,ru
2022-06-13,48.975807,38.183243,55th Separate Motorized Rifle Brigade,motor_rifle,ru
2022-06-13,49.059943,38.214191,90th Guards Tank Division,motor_rifle,ru
2022-06-13,48.976725,38.596075,76th Guards Air Assault Division,vdv,ru
2022-06-13,48.875481,38.724984,2nd Army Corps (Luhansk),motor_rifle,ru
2022-06-13,48.947322,38.527726,7th Separate Motorized Rifle Brigade (LPR),motor_rifle,ru
2022-06-13,48.996400,38.398462,2nd Separate Motorized Rifle Brigade (LPR),motor_rifle,ru
2022-06-13,49.090303,37.476096,201st Military Base,motor_rifle,ru
2022-06-13,48.975895,38.075696,74th Separate Guards Motorized Rifle Brigade,motor_rifle,ru
2022-06-13,49.037144,37.376717,5th Separate Guards Tank Brigade,tank,ru
2022-06-13,50.408282,36.946878,138th Separate Guards Motorized Rifle Brigade,motor_rifle,ru
2022-06-13,49.040010,37.278364,752nd Guards Motorized Rifle Regiment,motor_rifle,ru
2022-06-13,50.235463,38.055880,37th Separate Guards Motorized Rifle Brigade,motor_rifle,ru
2022-06-13,48.722702,38.605587,394th Motorized Rifle Regiment,motor_rifle,ru
2022-06-13,50.363862,36.512762,25th Separate Guards Motorized Rifle Brigade,motor_rifle,ru
2022-06-13,50.220316,36.418076,200th Separate Motorized Rifle Brigade,motor_rifle,ru
2022-06-13,50.254750,36.812770,27th Separate Guards Motorized Rifle Brigade,motor_rifle,ru
2022-06-13,49.718962,37.042986,36th Separate Guards Motorized Rifle Brigade,motor_rifle,ru
2022-06-13,49.628113,36.942154,36th Separate Guards Motorized Rifle Brigade,motor_rifle,ru
2022-06-13,49.053416,37.343872,237th Tank Regiment,tank,ru
2022-06-13,49.462326,36.872368,35th Combined Arms Army,motor_rifle,ru
2022-06-13,49.337427,37.220633,4th Guards Tank Division,tank,ru
2022-06-13,49.184774,37.290630,68th Army Corps,motor_rifle,ru
2022-06-13,49.269562,37.173318,423rd Guards Motorized Rifle Regiment,motor_rifle,ru
2022-06-13,49.185150,37.179078,38th Separate Motorized Rifle Brigade,motor_rifle,ru
2022-06-13,49.095682,37.256450,106th Guards Airborne Division,vdv,ru
2022-06-13,49.129870,37.096257,106th Guards Airborne Division,vdv,ru
2022-06-13,49.049369,37.203340,39th Separate Motorized Rifle Brigade,motor_rifle,ru
2022-06-13,49.403657,37.059810,35th Combined Arms Army,motor_rifle,ru
2022-06-13,48.620756,38.552289,163rd Tank Regiment,tank,ru
2022-06-13,48.221931,37.875705,11th Separate Guards Motorized Rifle Regiment (DPR),motor_rifle,ru
2022-06-13,48.609225,38.475167,57th Separate Guards Motorized Rifle Brigade,motor_rifle,ru
2022-06-13,47.551045,36.254753,71st Guards Motorized Rifle Regiment,motor_rifle,ru
2022-06-13,47.533543,35.473164,429th Motorized Rifle Regiment,motor_rifle,ru
2022-06-13,47.532478,35.363826,503rd Motorized Rifle Regiment,motor_rifle,ru
2022-06-13,46.677302,32.444217,255th Guards Motorized Rifle Regiment,motor_rifle,ru
2022-06-13,46.777422,32.581485,33rd Guards Motorized Rifle Regiment,motor_rifle,ru
2022-06-13,46.833806,32.762059,U/I Reserve Unit (DPR),tank,ru
2022-06-13,47.117328,33.229056,126th Separate Guards Coastal Defense Brigade,motor_rifle,ru
2022-06-13,47.072280,32.813554,11th Separate Guards Air Assault Brigade,vdv,ru
2022-06-13,47.164451,33.045488,11th Separate Guards Air Assault Brigade,vdv,ru
2022-06-13,47.346421,33.357199,7th Guards Air Assault Division,vdv,ru
2022-06-13,47.332328,33.783679,205th Separate Motorized Rifle Brigade,motor_rifle,ru
2022-06-13,47.429140,33.441712,34th Separate Motorized Rifle Brigade,motor_rifle,ru
2022-06-13,47.108293,33.097635,127th Separate Reconnaissance Brigade,motor_rifle,ru
2022-06-13,47.239502,33.261631,56th Guards Air Assault Regiment,vdv,ru
2022-06-13,47.251151,36.058990,810th Separate Naval Infantry Brigade,motor_rifle,ru
2022-06-13,47.568228,36.672481,291st Guards Motorized Rifle Regiment,motor_rifle,ru
2022-06-13,48.577998,38.491403,60th Separate Motorized Rifle Brigade,motor_rifle,ru
2022-06-13,47.797954,36.815563,70th Guards Motorized Rifle Regiment,motor_rifle,ru
2022-06-13,47.922578,37.570451,136th Separate Guards Motorized Rifle Brigade,motor_rifle,ru
2022-06-13,48.665297,38.601165,336th Separate Guards Naval Infantry Brigade,motor_rifle,ru
2022-06-13,48.651907,38.499529,218th Tank Regiment,tank,ru
2022-06-13,48.733751,38.353615,40th Separate Naval Infantry Brigade,motor_rifle,ru
2022-06-13,48.758211,38.314766,234th Guards Air Assault Regiment,vdv,ru
2022-06-13,48.725677,38.254230,31st Separate Guards Air Assault Brigade,vdv,ru
2022-06-13,48.652623,38.363111,100th Separate Motorized Rifle Brigade (DPR),motor_rifle,ru
2022-06-13,48.691496,38.384988,1st Separate Motorized Rifle Brigade (DPR),motor_rifle,ru
2022-06-13,48.680324,38.321268,80th Tank Regiment,tank,ru
2022-06-13,48.660450,38.299585,80th Tank Regiment,tank,ru
2022-06-13,48.659489,38.198312,61st Separate Naval Infantry Brigade,motor_rifle,ru
2022-06-13,48.541017,38.277241,6th Separate Motorized Rifle Regiment (LPR),motor_rifle,ru
2022-06-13,48.606944,38.203612,102nd Motorized Rifle Regiment,motor_rifle,ru
2022-06-13,48.440170,38.291406,7th Separate Motorized Rifle Brigade (DPR),motor_rifle,ru
2022-06-13,48.367023,38.020945,3rd Separate Motorized Rifle Brigade (DPR),motor_rifle,ru
2022-06-13,48.034732,37.718638,5th Separate Motorized Rifle Brigade (DPR),motor_rifle,ru
2022-06-13,47.747239,37.216379,155th Separate Guards Naval Infantry Brigade,motor_rifle,ru
2022-06-13,47.160230,36.027490,177th Naval Infantry Regiment,motor_rifle,ru
